id,tpep_pickup_datetime,trip_distance,pickup_longitude,pickup_latitude,dropoff_longitude,dropoff_latitude,dwell_pickup,dwell_alight
1,2015-01-01 09:00:15,3.99,-73.99342346191406,40.75643157958984,-74.009033203125,40.71060180664063,300,30
2,2015-01-01 09:00:16,1.3,-73.98517608642578,40.7476692199707,-73.96989440917967,40.748443603515625,300,30
3,2015-01-01 09:00:32,1.6,-73.99384307861328,40.75104904174805,-73.99021911621094,40.76976013183594,300,30
4,2015-01-01 09:00:44,2.2,-73.99801635742188,40.742801666259766,-74.00132751464844,40.71602630615234,300,30
5,2015-01-01 09:01:01,5.4,-73.98268127441406,40.77145385742188,-73.9953842163086,40.719703674316406,300,30
6,2015-01-01 09:02:31,2.19,-73.97816467285155,40.76064682006836,-74.00541687011719,40.7510871887207,300,30
7,2015-01-01 09:02:58,1.7,-73.98199462890625,40.77793884277344,-73.96778869628906,40.7627182006836,300,30
8,2015-01-01 09:03:03,1.52,-73.98314666748048,40.74462127685546,-73.99687957763672,40.72536087036133,300,30
9,2015-01-01 09:03:07,1.49,-73.98758697509764,40.76553726196289,-74.0037612915039,40.75318145751953,300,30
10,2015-01-01 09:04:07,1.3,-73.99369049072266,40.73276519775391,-73.98417663574217,40.74639129638672,300,30
11,2015-01-01 09:04:46,1.52,-73.99607849121092,40.7326774597168,-74.00260162353516,40.71609878540039,300,30
12,2015-01-01 09:04:49,2.89,-73.99922943115233,40.74428939819336,-73.96477508544923,40.76393127441406,300,30
13,2015-01-01 09:05:08,1.8,-73.94937133789062,40.77703857421875,-73.96924591064453,40.765899658203125,300,30
14,2015-01-01 09:05:35,2.01,-74.00856018066406,40.71446990966797,-73.9945068359375,40.739551544189446,300,30
15,2015-01-01 09:05:43,3.44,-73.96880340576173,40.80133819580078,-73.97441864013672,40.76488876342773,300,30
16,2015-01-01 09:05:57,3.07,-73.96002960205078,40.762371063232415,-73.98848724365233,40.74136734008789,300,30
17,2015-01-01 09:06:00,2.45,-73.95468902587889,40.77400970458984,-73.9844207763672,40.769798278808594,300,30
18,2015-01-01 09:06:14,1.24,-73.96797943115233,40.77009201049805,-73.97901153564453,40.75616836547852,300,30
19,2015-01-01 09:06:48,1.2,-73.96379852294923,40.77106857299805,-73.97428131103516,40.75624084472656,300,30
20,2015-01-01 09:07:12,1.8,-73.98564910888672,40.76788330078125,-74.00400543212889,40.74752426147461,300,30
21,2015-01-01 09:07:40,1.84,-73.97600555419923,40.77590560913086,-73.95225524902342,40.77270126342773,300,30
22,2015-01-01 09:07:50,2.22,-73.9737777709961,40.75768661499024,-73.98680877685547,40.77577590942384,300,30
23,2015-01-01 09:07:54,1.7,-73.96027374267578,40.77872848510742,-73.9695587158203,40.76036071777344,300,30
24,2015-01-01 09:07:55,3.44,-73.9597930908203,40.771095275878906,-73.99430847167967,40.74046325683594,300,30
25,2015-01-01 09:08:29,1.5,-73.9705352783203,40.78863525390625,-73.9644775390625,40.805885314941406,300,30
26,2015-01-01 09:08:36,2.4,-73.95459747314453,40.77801513671875,-73.98194885253906,40.76628494262695,300,30
27,2015-01-01 09:09:11,1.32,-73.96805572509764,40.801513671875,-73.97496032714845,40.785938262939446,300,30
28,2015-01-01 09:09:41,2.3,-73.97727203369139,40.777019500732415,-73.97408294677734,40.75499725341797,300,30
29,2015-01-01 09:10:10,1.59,-73.99256134033203,40.7305908203125,-74.00828552246092,40.72141647338867,300,30
30,2015-01-01 09:10:19,1.16,-73.94915008544923,40.782051086425774,-73.95384216308594,40.768585205078125,300,30
31,2015-01-01 09:11:17,1.29,-73.98247528076173,40.772762298583984,-73.96212005615233,40.76413345336913,300,30
32,2015-01-01 09:12:03,1.2,-73.97335815429686,40.743850708007805,-73.96924591064453,40.757755279541016,300,30
33,2015-01-01 09:12:17,2.18,-73.96543121337889,40.75490951538086,-73.97712707519531,40.7758903503418,300,30
34,2015-01-01 09:12:21,2.1,-73.97235107421875,40.76227569580078,-73.99893188476561,40.754615783691406,300,30
35,2015-01-01 09:14:16,1.47,-73.97061157226561,40.751968383789055,-73.9892349243164,40.74799728393555,300,30
36,2015-01-01 09:14:20,3.83,-73.9679946899414,40.80064392089844,-73.96453094482422,40.76034164428711,300,30
37,2015-01-01 09:14:59,1.6,-73.97272491455078,40.756511688232415,-73.98871612548828,40.73690032958984,300,30
38,2015-01-01 09:15:01,1.4,-73.98788452148438,40.77912521362305,-73.98360443115233,40.761905670166016,300,30
39,2015-01-01 09:15:12,2.3,-73.96141052246092,40.768592834472656,-73.98519134521484,40.758914947509766,300,30
40,2015-01-01 09:15:35,6.26,-74.01427459716798,40.71672058105469,-73.97275543212889,40.75013732910156,300,30
41,2015-01-01 09:15:45,1.67,-73.9537811279297,40.779178619384766,-73.96708679199217,40.79360961914063,300,30
42,2015-01-01 09:16:00,1.3,-73.97698211669923,40.75066757202149,-73.9906234741211,40.73674392700195,300,30
43,2015-01-01 09:17:17,3.38,-73.99018096923827,40.71923828125,-73.9922332763672,40.75561141967773,300,30
44,2015-01-01 09:17:19,5.8,-73.94017028808595,40.79376602172852,-73.98848724365233,40.734771728515625,300,30
45,2015-01-01 09:17:28,2.7,-73.9874267578125,40.77610778808594,-73.9552230834961,40.78777313232422,300,30
46,2015-01-01 09:18:14,1.4,-74.01469421386719,40.709510803222656,-74.00658416748048,40.72567367553711,300,30
47,2015-01-01 09:19:53,1.5,-73.96134948730467,40.776721954345696,-73.96768951416014,40.75970458984375,300,30
48,2015-01-01 09:20:00,2.34,-73.99049377441406,40.75671005249024,-74.0071792602539,40.7309799194336,300,30
49,2015-01-01 09:20:09,1.3,-73.9694061279297,40.75770950317384,-73.95476531982422,40.765674591064446,300,30
50,2015-01-01 09:21:20,1.53,-73.97608184814453,40.7491455078125,-73.96925354003906,40.7666244506836,300,30
51,2015-01-01 09:21:46,1.34,-73.98870849609375,40.76895523071289,-73.99252319335938,40.75516128540039,300,30
52,2015-01-01 09:22:38,1.2,-74.00389099121092,40.74805068969727,-73.99703979492188,40.76283645629882,300,30
53,2015-01-01 09:22:56,1.6,-73.96854400634764,40.76740646362305,-73.98385620117188,40.76215744018555,300,30
54,2015-01-01 09:23:42,1.9,-73.96427154541014,40.75819778442384,-73.98042297363281,40.77022171020508,300,30
55,2015-01-01 09:24:15,2.8,-73.9852066040039,40.72382354736328,-73.97488403320312,40.756107330322266,300,30
56,2015-01-01 09:24:59,1.2,-73.99324035644531,40.76788330078125,-73.99451446533203,40.75439453125,300,30
57,2015-01-01 09:25:30,1.46,-73.94922637939453,40.77317810058594,-73.95494079589844,40.78669357299805,300,30
58,2015-01-01 09:26:56,1.96,-73.97756195068358,40.752838134765625,-74.00074005126953,40.7391014099121,300,30
59,2015-01-01 09:27:15,2.64,-74.00479125976561,40.71567535400391,-73.99498748779298,40.75008010864258,300,30
60,2015-01-01 09:28:39,3.8,-73.94737243652342,40.78000259399414,-73.99171447753906,40.753997802734375,300,30
61,2015-01-01 09:29:38,1.88,-73.97950744628906,40.766231536865234,-74.00277709960938,40.7561912536621,300,30
62,2015-01-01 09:29:39,1.11,-73.97190856933594,40.75684356689453,-73.98416137695312,40.745887756347656,300,30
63,2015-01-01 09:29:57,1.8,-73.9764633178711,40.7573356628418,-73.99982452392578,40.758827209472656,300,30
64,2015-01-01 09:30:03,3.1,-73.98804473876953,40.72328186035156,-73.97667694091797,40.75893783569336,300,30
65,2015-01-01 09:30:43,1.8,-73.99162292480467,40.759891510009766,-73.96849060058595,40.7547721862793,300,30
66,2015-01-01 09:32:13,4.16,-73.9594497680664,40.7692985534668,-73.98123931884764,40.72507858276367,300,30
67,2015-01-01 09:32:23,2.35,-73.99220275878906,40.74422073364258,-73.97427368164062,40.75968551635742,300,30
68,2015-01-01 09:33:02,2.8,-74.00772857666014,40.7322654724121,-73.99031066894531,40.766822814941406,300,30
69,2015-01-01 09:33:25,1.2,-73.99419403076173,40.76630783081056,-74.00568389892578,40.75079345703125,300,30
70,2015-01-01 09:33:28,2.6,-74.00306701660156,40.744171142578125,-74.00933837890625,40.713428497314446,300,30
71,2015-01-01 09:33:35,1.83,-73.97631072998048,40.7860107421875,-73.95125579833984,40.77434539794922,300,30
72,2015-01-01 09:33:39,2.89,-73.99828338623048,40.75670623779297,-74.01002502441406,40.72104644775391,300,30
73,2015-01-01 09:34:24,1.18,-73.9837875366211,40.74359130859375,-73.97324371337889,40.75796890258789,300,30
74,2015-01-01 09:35:13,2.88,-73.97725677490233,40.779563903808594,-74.0071563720703,40.752151489257805,300,30
75,2015-01-01 09:35:32,1.25,-73.96478271484375,40.774051666259766,-73.98057556152342,40.770183563232415,300,30
76,2015-01-01 09:35:39,2.12,-73.97929382324217,40.735801696777344,-73.9909896850586,40.75567626953125,300,30
77,2015-01-01 09:36:26,4.9,-74.01297760009764,40.71646499633789,-73.97948455810547,40.75156021118164,300,30
78,2015-01-01 09:37:00,1.8,-73.99160766601561,40.74431610107422,-74.00030517578125,40.72649383544922,300,30
79,2015-01-01 09:37:09,1.4,-73.99601745605469,40.738479614257805,-73.98072814941406,40.751800537109375,300,30
80,2015-01-01 09:38:04,1.7,-73.99095916748048,40.75038909912109,-73.97188568115233,40.75650024414063,300,30
81,2015-01-01 09:38:13,8.44,-73.97151947021484,40.761734008789055,-73.94097137451173,40.844043731689446,300,30
82,2015-01-01 09:38:27,1.4,-73.99270629882812,40.75834274291992,-73.9894027709961,40.744754791259766,300,30
83,2015-01-01 09:39:35,4.46,-73.97679901123048,40.739795684814446,-74.01054382324217,40.709182739257805,300,30
84,2015-01-01 09:39:52,1.2,-73.96886444091797,40.764427185058594,-73.97987365722656,40.75188827514648,300,30
85,2015-01-01 09:40:51,3.59,-73.98226928710938,40.74589157104492,-73.97631072998048,40.78603363037109,300,30
86,2015-01-01 09:41:45,2.09,-73.98653411865233,40.73421096801758,-73.9817123413086,40.75830078125,300,30
87,2015-01-01 09:41:51,6.05,-73.96842956542967,40.75871276855469,-73.9934310913086,40.72451019287109,300,30
88,2015-01-01 09:42:53,4.56,-73.94978332519531,40.796550750732415,-73.9876708984375,40.74795913696289,300,30
89,2015-01-01 09:43:24,2.1,-73.9795379638672,40.75299835205078,-74.00653839111328,40.7495002746582,300,30
90,2015-01-01 09:44:56,1.56,-73.98505401611328,40.753700256347656,-73.98213195800781,40.7723503112793,300,30
91,2015-01-01 09:46:03,1.62,-73.99230194091797,40.72442626953125,-74.008544921875,40.71159362792969,300,30
92,2015-01-01 09:46:43,1.93,-74.00592803955078,40.748550415039055,-73.97949981689453,40.74940872192384,300,30
93,2015-01-01 09:47:09,4.1,-73.98016357421875,40.743141174316406,-74.0068130493164,40.7060432434082,300,30
94,2015-01-01 09:47:50,3.3,-73.99851989746092,40.734668731689446,-73.96222686767578,40.75916290283203,300,30
95,2015-01-01 09:48:10,2.3,-73.98220825195312,40.76766586303711,-73.98928833007811,40.74094009399414,300,30
96,2015-01-01 09:48:21,2.44,-73.98285675048828,40.73519134521485,-74.00713348388672,40.718746185302734,300,30
97,2015-01-01 09:48:45,1.2,-73.98833465576173,40.75399398803711,-73.99407958984375,40.73953628540039,300,30
98,2015-01-01 09:48:55,1.5,-73.98991394042967,40.75680541992188,-73.98760986328125,40.74484634399414,300,30
99,2015-01-01 09:49:08,2.4,-73.97488403320312,40.7575569152832,-73.97197723388672,40.781768798828125,300,30
100,2015-01-01 09:49:40,6.25,-73.96871185302734,40.79137420654297,-74.00521087646483,40.72294616699219,300,30
101,2015-01-01 09:50:32,2.0,-73.98284149169923,40.72705841064453,-74.00694274902342,40.740737915039055,300,30
102,2015-01-01 09:50:35,1.43,-73.99164581298828,40.73869705200195,-74.00552368164062,40.725040435791016,300,30
103,2015-01-01 09:51:45,4.45,-73.94032287597656,40.79366302490234,-73.97547149658203,40.748783111572266,300,30
104,2015-01-01 09:52:38,2.66,-74.00743103027342,40.70534133911133,-74.00404357910156,40.73816680908203,300,30
105,2015-01-01 09:53:11,1.51,-73.98092651367188,40.764453887939446,-74.00023651123048,40.75862884521485,300,30
106,2015-01-01 09:53:11,2.93,-73.98226165771484,40.75433349609375,-74.00817108154298,40.73807144165039,300,30
107,2015-01-01 09:53:13,3.2,-74.01544952392578,40.71638107299805,-73.99261474609375,40.74850082397461,300,30
108,2015-01-01 09:53:56,5.5,-73.97152709960938,40.75028991699219,-74.0179214477539,40.70599365234375,300,30
109,2015-01-01 09:54:17,6.31,-74.00819396972656,40.708045959472656,-73.98349761962889,40.76470565795898,300,30
110,2015-01-01 09:54:29,1.54,-73.97106170654298,40.76139068603516,-73.95674133300781,40.780628204345696,300,30
111,2015-01-01 09:55:00,1.73,-73.96449279785155,40.77038192749024,-73.98063659667967,40.750953674316406,300,30
112,2015-01-01 09:55:01,1.87,-73.99596405029298,40.7537956237793,-73.98095703125,40.73795318603516,300,30
113,2015-01-01 09:55:27,3.64,-73.98332977294923,40.76610565185546,-73.95970153808595,40.81124877929688,300,30
114,2015-01-01 09:55:52,4.07,-73.97931671142578,40.786956787109375,-74.00084686279298,40.74229431152344,300,30
115,2015-01-01 09:56:09,1.39,-73.97257232666014,40.78630828857422,-73.98267364501953,40.768741607666016,300,30
116,2015-01-01 09:56:23,1.56,-73.99053955078125,40.756153106689446,-73.97049713134764,40.75229644775391,300,30
117,2015-01-01 09:56:24,1.84,-73.95687866210938,40.78337097167969,-73.98094940185547,40.78678131103516,300,30
118,2015-01-01 09:57:00,2.28,-73.95738983154298,40.78567123413086,-73.98217010498048,40.76637268066406,300,30
119,2015-01-01 09:57:19,2.8,-73.9797134399414,40.73104476928711,-73.97029876708984,40.75807189941406,300,30
120,2015-01-01 09:57:33,3.5,-74.005859375,40.71769332885742,-73.9754180908203,40.7541618347168,300,30
121,2015-01-01 09:57:41,2.0,-73.97461700439453,40.778114318847656,-73.98210906982422,40.75638961791992,300,30
122,2015-01-01 09:59:00,2.4,-73.98467254638672,40.77956008911133,-73.97494506835938,40.75505447387695,300,30
123,2015-01-01 09:59:04,2.69,-74.0008544921875,40.741920471191406,-73.969970703125,40.758697509765625,300,30
124,2015-01-01 09:59:21,1.9,-73.99195098876953,40.74319839477539,-73.99413299560547,40.755741119384766,300,30
125,2015-01-01 10:00:11,1.73,-73.97872924804686,40.777488708496094,-73.96056365966798,40.76311111450195,300,30
126,2015-01-01 10:00:32,2.14,-73.96060180664062,40.77981185913086,-73.97827911376953,40.75687789916992,300,30
127,2015-01-01 10:00:40,1.15,-73.98917388916014,40.76336288452149,-73.99114227294923,40.75015258789063,300,30
128,2015-01-01 10:01:56,1.4,-73.9871826171875,40.7553825378418,-73.99617767333984,40.76717758178711,300,30
129,2015-01-01 10:02:48,2.78,-73.94593811035155,40.77759552001953,-73.9735107421875,40.75299835205078,300,30
130,2015-01-01 10:03:39,1.2,-74.00821685791014,40.738040924072266,-73.9916763305664,40.73990249633789,300,30
131,2015-01-01 10:03:42,2.1,-73.94970703125,40.7720947265625,-73.97540283203125,40.763816833496094,300,30
132,2015-01-01 10:03:44,1.1,-73.97784423828125,40.75210189819336,-73.98291015625,40.763614654541016,300,30
133,2015-01-01 10:04:43,2.2,-73.98070526123048,40.74789810180664,-73.96231079101561,40.77616500854492,300,30
134,2015-01-01 10:05:10,1.9,-73.96955108642578,40.75759506225586,-73.99207305908203,40.74923324584961,300,30
135,2015-01-01 10:05:26,3.53,-73.99532318115233,40.73414611816406,-73.99546813964845,40.769378662109375,300,30
136,2015-01-01 10:05:29,4.3,-73.98882293701173,40.75783157348633,-74.01394653320312,40.71387481689453,300,30
137,2015-01-01 10:06:42,3.42,-73.99326324462889,40.74224090576172,-73.960205078125,40.77902603149414,300,30
138,2015-01-01 10:08:44,1.3,-73.98252105712889,40.76680755615234,-73.96605682373048,40.77120590209961,300,30
139,2015-01-01 10:09:17,2.25,-73.98628234863281,40.7670783996582,-73.9943618774414,40.74113845825195,300,30
140,2015-01-01 10:09:33,1.85,-74.00685119628906,40.71520614624024,-74.00642395019531,40.738807678222656,300,30
141,2015-01-01 10:09:37,3.65,-74.0017852783203,40.71565246582031,-73.99089813232422,40.757671356201165,300,30
142,2015-01-01 10:09:38,2.4,-73.97610473632812,40.75208282470703,-73.99844360351561,40.723262786865234,300,30
143,2015-01-01 10:09:42,1.38,-74.0035400390625,40.738651275634766,-73.99115753173827,40.755367279052734,300,30
144,2015-01-01 10:09:58,1.6,-73.95528411865233,40.80458831787109,-73.97416687011719,40.79150390625,300,30
145,2015-01-01 10:10:00,2.5,-73.94972991943358,40.77700805664063,-73.97369384765625,40.75991821289063,300,30
146,2015-01-01 10:10:27,2.7,-74.01408386230467,40.70470428466797,-73.99504852294923,40.7251091003418,300,30
147,2015-01-01 10:11:01,1.97,-73.98753356933594,40.738380432128906,-73.98380279541014,40.76054000854492,300,30
148,2015-01-01 10:11:40,2.9,-74.00638580322266,40.743816375732415,-73.97394561767578,40.763633728027344,300,30
149,2015-01-01 10:12:54,1.7,-73.98147583007811,40.76856231689453,-73.96678161621094,40.78891372680664,300,30
150,2015-01-01 10:13:10,1.83,-74.00016784667967,40.736961364746094,-73.9783935546875,40.747520446777344,300,30
151,2015-01-01 10:14:11,1.4,-73.98587036132812,40.7532958984375,-73.96818542480467,40.762115478515625,300,30
152,2015-01-01 10:15:18,2.46,-73.96849060058595,40.75494003295898,-73.99388122558594,40.74094009399414,300,30
153,2015-01-01 10:15:58,2.04,-73.96652221679686,40.753520965576165,-73.9574966430664,40.77706146240234,300,30
154,2015-01-01 10:16:16,1.9,-73.97855377197266,40.76193618774414,-73.96160125732422,40.77923202514648,300,30
155,2015-01-01 10:18:08,3.1,-73.98780059814453,40.7496452331543,-73.9558334350586,40.77932357788086,300,30
156,2015-01-01 10:19:47,2.99,-73.98780059814453,40.75446319580078,-74.00466918945312,40.716156005859375,300,30
157,2015-01-01 10:20:32,5.9,-74.00441741943358,40.707637786865234,-73.97494506835938,40.76416397094727,300,30
158,2015-01-01 10:20:33,1.6,-73.97624206542967,40.739742279052734,-73.97782135009764,40.722877502441406,300,30
159,2015-01-01 10:20:38,4.4,-73.98993682861328,40.73339080810546,-74.00982666015625,40.70431137084961,300,30
160,2015-01-01 10:21:04,3.35,-73.99000549316406,40.719181060791016,-74.00389862060547,40.75252151489258,300,30
161,2015-01-01 10:21:05,1.5,-73.98365020751953,40.72229766845703,-74.00602722167967,40.72361755371094,300,30
162,2015-01-01 10:21:47,5.38,-74.00878143310547,40.70609664916992,-73.98681640625,40.76266860961913,300,30
163,2015-01-01 10:22:16,2.8,-73.98394012451173,40.74629974365234,-73.962158203125,40.77913665771485,300,30
164,2015-01-01 10:22:27,1.82,-73.95366668701173,40.76613998413086,-73.97543334960938,40.7552604675293,300,30
165,2015-01-01 10:22:29,1.51,-74.00637054443358,40.732925415039055,-74.01375579833984,40.71443557739258,300,30
166,2015-01-01 10:22:38,4.0,-74.00827026367188,40.72211837768555,-73.97052764892578,40.76208114624024,300,30
167,2015-01-01 10:24:21,1.32,-73.97867584228516,40.760833740234375,-73.99272155761719,40.74879455566406,300,30
168,2015-01-01 10:24:50,2.0,-74.01589965820312,40.71522903442384,-74.00623321533203,40.73957824707031,300,30
169,2015-01-01 10:24:52,6.87,-73.99996185302734,40.72536087036133,-73.95197296142578,40.77376174926758,300,30
170,2015-01-01 10:25:25,1.43,-74.01265716552734,40.70183944702149,-74.00411224365233,40.71595001220703,300,30
171,2015-01-01 10:25:34,3.54,-73.94654083251953,40.78057861328125,-73.984130859375,40.76210021972656,300,30
172,2015-01-01 10:25:46,1.18,-73.9696044921875,40.76263046264648,-73.96080780029298,40.777530670166016,300,30
173,2015-01-01 10:27:08,5.1,-73.99845886230467,40.72356033325195,-73.958740234375,40.78340530395508,300,30
174,2015-01-01 10:27:09,2.9,-74.00481414794923,40.72381591796875,-73.9780044555664,40.75801849365234,300,30
175,2015-01-01 10:28:51,1.5,-73.9832992553711,40.762691497802734,-73.9947509765625,40.75038909912109,300,30
176,2015-01-01 10:28:52,2.71,-73.99822998046875,40.75675964355469,-74.00892639160156,40.72404098510742,300,30
177,2015-01-01 10:29:08,1.68,-73.99018096923827,40.7564811706543,-73.99801635742188,40.74112701416016,300,30
178,2015-01-01 10:30:18,1.98,-73.98966979980467,40.74713897705078,-73.96688842773438,40.76110076904297,300,30
179,2015-01-01 10:30:19,3.84,-73.98997497558594,40.7150764465332,-73.96757507324217,40.752002716064446,300,30
180,2015-01-01 10:30:56,1.6,-73.99566650390625,40.769439697265625,-73.98959350585938,40.75598907470703,300,30
181,2015-01-01 10:31:24,1.42,-73.99199676513672,40.75944519042969,-73.99444580078125,40.743682861328125,300,30
182,2015-01-01 10:32:46,2.7,-73.9869384765625,40.74202728271485,-74.01016235351561,40.7201042175293,300,30
183,2015-01-01 10:32:48,1.9,-73.973876953125,40.750267028808594,-73.97219848632812,40.76523208618164,300,30
184,2015-01-01 10:33:13,1.6,-73.97315216064453,40.74846649169922,-73.99319458007811,40.74163436889648,300,30
185,2015-01-01 10:33:33,2.38,-73.9564437866211,40.76699447631836,-73.9806900024414,40.75188827514648,300,30
186,2015-01-01 10:34:20,5.78,-74.00736999511719,40.712757110595696,-73.99024200439453,40.75642395019531,300,30
187,2015-01-01 10:34:31,3.52,-73.96979522705078,40.765403747558594,-73.99701690673827,40.72224807739258,300,30
188,2015-01-01 10:35:20,1.74,-73.96363067626953,40.79817581176758,-73.94176483154298,40.80038833618164,300,30
189,2015-01-01 10:35:56,1.29,-73.9856719970703,40.73833847045898,-74.00398254394531,40.748062133789055,300,30
190,2015-01-01 10:36:09,1.7,-73.9687271118164,40.760078430175774,-73.9597396850586,40.77922058105469,300,30
191,2015-01-01 10:38:02,1.7,-73.97978210449217,40.765674591064446,-73.97542572021484,40.78704452514648,300,30
192,2015-01-01 10:38:05,5.58,-73.98847961425781,40.76171875,-74.01335906982422,40.70920944213867,300,30
193,2015-01-01 10:38:51,1.93,-73.97945404052734,40.77656173706056,-73.95817565917967,40.78166580200195,300,30
194,2015-01-01 10:39:44,1.5,-73.98749542236328,40.75110626220703,-73.99252319335938,40.73757553100586,300,30
195,2015-01-01 10:39:45,1.28,-73.99382781982422,40.75885009765625,-73.97721099853516,40.74861907958984,300,30
196,2015-01-01 10:40:44,1.55,-73.97525024414062,40.733001708984375,-73.99370574951173,40.73201370239258,300,30
197,2015-01-01 10:40:49,1.9,-73.98870849609375,40.768867492675774,-73.97239685058595,40.75157928466797,300,30
198,2015-01-01 10:40:52,1.4,-73.98057556152342,40.750675201416016,-73.96329498291014,40.758670806884766,300,30
199,2015-01-01 10:40:53,1.3,-73.99032592773438,40.756141662597656,-73.97386169433594,40.76305389404297,300,30
200,2015-01-01 10:40:53,1.92,-73.98223876953125,40.77499771118164,-73.95525360107422,40.7646598815918,300,30
201,2015-01-01 10:41:15,1.2,-73.97835540771484,40.728809356689446,-73.99502563476561,40.729759216308594,300,30
202,2015-01-01 10:41:20,2.9,-73.9590301513672,40.78094100952149,-73.9874496459961,40.748836517333984,300,30
203,2015-01-01 10:41:24,2.21,-74.00827026367188,40.70774841308594,-74.00832366943358,40.73615646362305,300,30
204,2015-01-01 10:42:09,1.4,-73.98783111572266,40.73214721679688,-73.97565460205078,40.74991226196289,300,30
205,2015-01-01 10:42:15,3.9,-73.9962387084961,40.76813888549805,-74.01125335693358,40.71639251708984,300,30
206,2015-01-01 10:42:30,1.2,-73.98816680908203,40.7235107421875,-73.97663879394531,40.7395896911621,300,30
207,2015-01-01 10:43:43,2.7,-73.9838638305664,40.76529693603516,-73.95451354980467,40.78364181518555,300,30
208,2015-01-01 10:43:54,3.2,-73.99189758300781,40.74998474121094,-73.95467376708984,40.76387405395508,300,30
209,2015-01-01 10:44:47,1.62,-73.97453308105469,40.7569465637207,-73.9858169555664,40.74107360839844,300,30
210,2015-01-01 10:44:49,2.04,-73.97348022460938,40.74694061279297,-73.99620056152342,40.73299407958984,300,30
211,2015-01-01 10:44:54,2.23,-73.95600128173827,40.7846908569336,-73.98222351074217,40.78146743774414,300,30
212,2015-01-01 10:45:13,4.7,-73.99049377441406,40.77531433105469,-74.00281524658203,40.72345352172852,300,30
213,2015-01-01 10:45:59,1.67,-73.99642944335938,40.7380256652832,-73.98104095458984,40.75911712646485,300,30
214,2015-01-01 10:47:00,2.87,-74.00726318359375,40.73030853271485,-73.99229431152342,40.7639274597168,300,30
215,2015-01-01 10:47:32,1.9,-73.96480560302734,40.79154586791992,-73.96415710449219,40.770355224609375,300,30
216,2015-01-01 10:47:37,1.71,-73.9813461303711,40.760379791259766,-73.963134765625,40.77480697631836,300,30
217,2015-01-01 10:47:43,1.6,-73.96229553222656,40.77032470703125,-73.9774398803711,40.75051498413086,300,30
218,2015-01-01 10:47:51,1.72,-74.00555419921875,40.72687149047852,-73.98994445800781,40.74264144897461,300,30
219,2015-01-01 10:48:30,3.19,-73.96980285644531,40.75671005249024,-73.95247650146483,40.78948593139648,300,30
220,2015-01-01 10:48:30,1.33,-73.9784927368164,40.76382827758789,-73.98074340820312,40.749271392822266,300,30
221,2015-01-01 10:49:20,2.2,-73.9975357055664,40.74157333374024,-74.01351165771484,40.71554946899414,300,30
222,2015-01-01 10:49:54,1.3,-73.9890365600586,40.74470901489258,-74.00538635253906,40.73952102661133,300,30
223,2015-01-01 10:50:10,3.68,-74.00282287597656,40.76042175292969,-73.95333862304686,40.76663589477539,300,30
224,2015-01-01 10:50:18,1.78,-73.99394989013672,40.7501106262207,-73.9720001220703,40.75391006469727,300,30
225,2015-01-01 10:50:25,1.21,-73.94741821289062,40.78027725219727,-73.95902252197266,40.7677116394043,300,30
226,2015-01-01 10:50:34,1.61,-73.99728393554686,40.7220115661621,-73.98153686523438,40.74057388305664,300,30
227,2015-01-01 10:50:52,5.27,-74.00724029541014,40.705078125,-73.96318054199219,40.75746154785156,300,30
228,2015-01-01 10:51:14,1.5,-73.96652984619139,40.76994323730469,-73.98346710205078,40.76057434082031,300,30
229,2015-01-01 10:51:36,2.2,-73.97750091552734,40.76369857788086,-73.99288177490233,40.73810958862305,300,30
230,2015-01-01 10:51:45,2.81,-73.99382019042967,40.73567199707031,-73.96623992919923,40.761810302734375,300,30
231,2015-01-01 10:52:13,3.0,-73.98770904541014,40.753921508789055,-73.96154022216798,40.77706527709961,300,30
232,2015-01-01 10:52:54,1.3,-73.986572265625,40.734130859375,-73.98881530761719,40.74852752685546,300,30
233,2015-01-01 10:53:02,2.99,-73.98767852783203,40.75941848754882,-74.00005340576173,40.724170684814446,300,30
234,2015-01-01 10:53:52,1.9,-73.9849853515625,40.7589225769043,-73.97260284423827,40.78066253662109,300,30
235,2015-01-01 10:54:23,1.2,-73.99679565429686,40.7445182800293,-74.00157928466798,40.7564811706543,300,30
236,2015-01-01 10:54:50,1.6,-73.97254943847656,40.76464080810546,-73.99027252197266,40.75536346435546,300,30
237,2015-01-01 10:55:06,2.8,-73.98027801513672,40.74254989624024,-73.98667907714845,40.77184295654297,300,30
238,2015-01-01 10:55:42,1.69,-73.99108123779298,40.72786712646485,-73.9920196533203,40.74605178833008,300,30
239,2015-01-01 10:57:12,1.2,-74.00266265869139,40.72869110107422,-73.99004364013672,40.73910903930664,300,30
240,2015-01-01 10:57:17,1.5,-73.99319458007811,40.75275802612305,-73.9740982055664,40.75687789916992,300,30
241,2015-01-01 10:57:51,2.5,-73.9820556640625,40.77803802490234,-73.98721313476561,40.747573852539055,300,30
242,2015-01-01 10:57:54,2.3,-73.96366119384764,40.76362991333008,-73.9925079345703,40.75178909301758,300,30
243,2015-01-01 10:57:54,3.2,-74.00709533691406,40.72845077514648,-73.97898864746092,40.76434326171875,300,30
244,2015-01-01 10:58:24,3.5,-73.9914321899414,40.73528289794922,-73.99568939208984,40.76903533935546,300,30
245,2015-01-01 10:59:08,1.7,-73.99414825439453,40.75106430053711,-73.97982025146483,40.773052215576165,300,30
246,2015-01-01 11:00:12,1.82,-73.9612808227539,40.77007293701172,-73.97540283203125,40.75703811645508,300,30
247,2015-01-01 11:00:20,4.7,-73.97097778320312,40.764263153076165,-74.01052856445312,40.73085021972656,300,30
248,2015-01-01 11:00:33,1.74,-73.97410583496092,40.76179885864258,-73.99472808837889,40.7618408203125,300,30
249,2015-01-01 11:01:51,2.43,-74.017822265625,40.705711364746094,-74.00608825683594,40.73376083374024,300,30
250,2015-01-01 11:02:00,1.59,-73.97620391845702,40.76017761230469,-73.99137878417967,40.74261093139648,300,30
251,2015-01-01 11:02:14,1.32,-73.97918701171875,40.77172088623047,-73.97180938720702,40.75934982299805,300,30
252,2015-01-01 11:02:16,1.94,-73.97068786621094,40.76663589477539,-73.94853210449219,40.77317810058594,300,30
253,2015-01-01 11:06:05,2.0,-73.95390319824217,40.77471923828125,-73.97505950927734,40.752456665039055,300,30
254,2015-01-01 11:06:32,2.3,-73.97332763671875,40.75682067871094,-73.99623107910156,40.740249633789055,300,30
255,2015-01-01 11:06:40,1.4,-74.00760650634764,40.7047004699707,-74.00521850585938,40.720027923583984,300,30
256,2015-01-01 11:06:53,2.72,-73.976318359375,40.75178146362305,-74.0066680908203,40.72872161865234,300,30
257,2015-01-01 11:07:47,1.91,-73.95698547363281,40.7707633972168,-73.97503662109375,40.78786087036133,300,30
258,2015-01-01 11:08:03,1.7,-74.0149688720703,40.710357666015625,-74.00672149658203,40.729785919189446,300,30
259,2015-01-01 11:09:54,1.3,-73.96504974365233,40.80666732788086,-73.97257995605469,40.790924072265625,300,30
260,2015-01-01 11:10:37,1.26,-73.97893524169923,40.72991943359375,-73.99037170410156,40.740455627441406,300,30
261,2015-01-01 11:11:02,2.2,-73.9929962158203,40.7475471496582,-73.99298095703125,40.72415542602539,300,30
262,2015-01-01 11:11:34,1.8,-73.99720764160156,40.73683547973633,-73.97491455078125,40.74187850952149,300,30
263,2015-01-01 11:12:31,1.47,-73.98741149902342,40.77064895629882,-73.97895050048828,40.75772857666016,300,30
264,2015-01-01 11:13:38,2.17,-73.94744873046875,40.775638580322266,-73.97922515869139,40.78488540649414,300,30
265,2015-01-01 11:14:09,2.2,-73.97557067871092,40.79064178466797,-73.96175384521484,40.77093505859375,300,30
266,2015-01-01 11:15:38,1.9,-74.00424194335938,40.73809051513672,-73.9859619140625,40.76218032836913,300,30
267,2015-01-01 11:15:43,2.0,-73.991943359375,40.7501220703125,-73.97401428222656,40.750301361083984,300,30
268,2015-01-01 11:16:42,1.77,-73.98491668701173,40.76829147338867,-73.95777893066406,40.761734008789055,300,30
269,2015-01-01 11:16:51,2.0,-73.97643280029298,40.72881317138672,-74.00627136230467,40.7333869934082,300,30
270,2015-01-01 11:17:26,1.9,-73.98844146728516,40.73720932006836,-73.98041534423827,40.76023864746094,300,30
271,2015-01-01 11:17:45,5.06,-73.99277496337889,40.74301528930664,-74.01282501220702,40.70767593383789,300,30
272,2015-01-01 11:18:31,5.6,-73.9752655029297,40.74539566040039,-74.01348876953125,40.71487808227539,300,30
273,2015-01-01 11:19:28,1.47,-73.95948028564453,40.76308059692384,-73.98037719726561,40.770183563232415,300,30
274,2015-01-01 11:20:02,2.21,-73.9893798828125,40.72306823730469,-74.00003814697266,40.7420654296875,300,30
275,2015-01-01 11:20:07,1.59,-73.99473571777342,40.72313690185546,-73.99390411376953,40.74129104614258,300,30
276,2015-01-01 11:20:39,0.81,-73.96465301513672,40.79679107666016,-73.97370147705078,40.78438186645508,300,30
277,2015-01-01 11:20:54,2.23,-73.95426177978516,40.76628875732422,-73.97705078125,40.77996063232422,300,30
278,2015-01-01 11:21:27,3.0,-73.94417572021484,40.7759895324707,-73.97770690917967,40.74797821044922,300,30
279,2015-01-01 11:21:30,4.81,-73.95311737060547,40.7888298034668,-73.98265838623048,40.74745941162109,300,30
280,2015-01-01 11:22:42,2.49,-73.97578430175781,40.7880973815918,-73.98151397705078,40.75847625732422,300,30
281,2015-01-01 11:23:35,1.76,-73.9910659790039,40.74948501586913,-73.97044372558594,40.757320404052734,300,30
282,2015-01-01 11:23:48,1.2,-73.9823226928711,40.73162078857422,-73.9872817993164,40.74393081665039,300,30
283,2015-01-01 11:23:52,2.6,-73.98100280761719,40.7485580444336,-73.96217346191406,40.779251098632805,300,30
284,2015-01-01 11:25:16,1.98,-73.9680938720703,40.78703689575195,-73.98126983642578,40.765926361083984,300,30
285,2015-01-01 11:25:17,1.86,-73.97490692138672,40.75585174560546,-73.99468231201173,40.75006866455078,300,30
286,2015-01-01 11:26:46,2.8,-74.00149536132812,40.727821350097656,-73.98275756835938,40.75603103637695,300,30
287,2015-01-01 11:29:53,1.51,-73.97240447998048,40.76256561279297,-73.96009826660156,40.78069305419922,300,30
288,2015-01-01 11:30:25,1.2,-73.97917938232422,40.74579620361328,-73.9914779663086,40.73271179199219,300,30
289,2015-01-01 11:30:27,1.6,-73.9778060913086,40.76350784301758,-73.95957946777344,40.775703430175774,300,30
290,2015-01-01 11:30:48,2.3,-74.0047607421875,40.74700546264648,-73.99872589111328,40.72428131103516,300,30
291,2015-01-01 11:31:18,1.3,-73.95220184326173,40.76974487304688,-73.9664535522461,40.75656509399414,300,30
292,2015-01-01 11:31:31,1.4,-73.9697265625,40.78973388671875,-73.95372009277344,40.7786521911621,300,30
293,2015-01-01 11:31:49,1.7,-73.98033142089844,40.75242614746094,-73.98863983154298,40.77479934692384,300,30
294,2015-01-01 11:32:37,3.1,-74.00267028808594,40.755081176757805,-73.98056793212889,40.7826042175293,300,30
295,2015-01-01 11:33:41,1.6,-73.99127960205078,40.74977111816406,-73.97496032714845,40.757915496826165,300,30
296,2015-01-01 11:34:47,2.0,-74.0056381225586,40.741153717041016,-74.01429748535155,40.71711730957031,300,30
297,2015-01-01 11:35:17,2.15,-73.97669982910156,40.75408935546875,-73.9953384399414,40.7391014099121,300,30
298,2015-01-01 11:36:22,1.7,-73.94956970214845,40.776512145996094,-73.94805908203125,40.79562377929688,300,30
299,2015-01-01 11:36:35,9.11,-73.9529037475586,40.77807235717773,-74.00837707519531,40.70457077026367,300,30
300,2015-01-01 11:36:42,2.27,-73.9801025390625,40.754409790039055,-73.95657348632812,40.766746520996094,300,30
301,2015-01-01 11:37:20,1.4,-73.99053955078125,40.75069046020508,-73.99254608154298,40.73524475097656,300,30
302,2015-01-01 11:37:42,1.57,-73.97393035888672,40.762893676757805,-73.99078369140625,40.750755310058594,300,30
303,2015-01-01 11:37:43,4.15,-73.97190856933594,40.7458381652832,-74.00469970703125,40.706939697265625,300,30
304,2015-01-01 11:37:46,5.05,-73.95323944091797,40.767372131347656,-73.99646759033203,40.725528717041016,300,30
305,2015-01-01 11:38:26,1.3,-73.98251342773438,40.75002670288086,-73.98896026611328,40.76210021972656,300,30
306,2015-01-01 11:38:38,1.73,-73.9849853515625,40.74799346923828,-73.97586059570312,40.76552581787109,300,30
307,2015-01-01 11:38:43,2.1,-73.9593505859375,40.759803771972656,-73.9602813720703,40.781299591064446,300,30
308,2015-01-01 11:39:28,8.0,-73.9901123046875,40.75602722167969,-73.94196319580078,40.83832550048828,300,30
309,2015-01-01 11:40:04,1.5,-73.99717712402342,40.7193489074707,-74.0113754272461,40.703079223632805,300,30
310,2015-01-01 11:42:07,1.2,-73.9778060913086,40.737754821777344,-73.97286987304686,40.75237274169922,300,30
311,2015-01-01 11:42:11,1.55,-73.94947052001953,40.776668548583984,-73.96640014648438,40.76448059082031,300,30
312,2015-01-01 11:42:46,2.9,-73.99102783203125,40.745025634765625,-73.98145294189453,40.77378845214844,300,30
313,2015-01-01 11:45:01,1.3,-73.98599243164062,40.75237655639648,-73.96947479248048,40.75737762451172,300,30
314,2015-01-01 11:45:08,7.12,-73.97100830078125,40.76287841796875,-74.00935363769531,40.70607376098633,300,30
315,2015-01-01 11:45:13,3.08,-73.977294921875,40.748882293701165,-73.99430847167967,40.72438049316406,300,30
316,2015-01-01 11:45:30,4.5,-73.94803619384764,40.79825973510742,-73.97122955322266,40.75079345703125,300,30
317,2015-01-01 11:46:58,3.2,-73.98815155029298,40.75685501098633,-73.99764251708984,40.716827392578125,300,30
318,2015-01-01 11:47:14,2.07,-73.94779968261719,40.77896118164063,-73.96833038330078,40.76551818847656,300,30
319,2015-01-01 11:47:21,2.8,-73.94941711425781,40.773113250732415,-73.97843933105469,40.75284194946289,300,30
320,2015-01-01 11:47:35,1.5,-73.97826385498048,40.74801254272461,-73.99757385253906,40.74111557006836,300,30
321,2015-01-01 11:47:41,6.73,-73.98406982421875,40.72932052612305,-73.95260620117188,40.8017807006836,300,30
322,2015-01-01 11:47:42,1.25,-73.96732330322266,40.79311752319336,-73.97942352294923,40.78028106689453,300,30
323,2015-01-01 11:48:29,2.4,-73.96133422851561,40.77406311035156,-73.99010467529298,40.75724792480469,300,30
324,2015-01-01 11:49:25,2.54,-73.98207092285155,40.75203704833984,-74.00538635253906,40.727481842041016,300,30
325,2015-01-01 11:49:27,2.12,-74.00916290283203,40.71656799316406,-73.99025726318358,40.72891998291016,300,30
326,2015-01-01 11:49:32,1.47,-73.97271728515625,40.7588005065918,-73.95433044433594,40.76605987548828,300,30
327,2015-01-01 11:50:23,2.2,-73.98086547851561,40.77430725097656,-73.99727630615233,40.74734878540039,300,30
328,2015-01-01 11:50:46,1.3,-73.97811889648438,40.773468017578125,-73.96206665039062,40.77025985717773,300,30
329,2015-01-01 11:51:40,4.49,-74.00827026367188,40.7071418762207,-73.98985290527344,40.739349365234375,300,30
330,2015-01-01 11:51:40,2.3,-73.98282623291014,40.76348876953125,-74.0027084350586,40.733753204345696,300,30
331,2015-01-01 11:52:09,3.8,-73.99868774414062,40.72278594970703,-73.98135375976561,40.763042449951165,300,30
332,2015-01-01 11:52:49,3.1,-73.97400665283203,40.76272201538086,-74.00802612304686,40.7382698059082,300,30
333,2015-01-01 11:54:02,1.96,-74.00385284423827,40.72632598876953,-73.99092864990233,40.75008010864258,300,30
334,2015-01-01 11:54:27,1.9,-74.00186157226561,40.73051071166992,-73.98340606689453,40.755897521972656,300,30
335,2015-01-01 11:54:45,2.1,-73.9915771484375,40.770320892333984,-73.99507904052734,40.74648666381836,300,30
336,2015-01-01 11:55:27,2.2,-73.99264526367188,40.7508201599121,-74.0090103149414,40.72647476196289,300,30
337,2015-01-01 11:55:29,2.3,-73.98099517822266,40.7845115661621,-73.95268249511719,40.7892951965332,300,30
338,2015-01-01 11:55:56,1.83,-73.99138641357422,40.74980163574219,-73.9740982055664,40.75706100463867,300,30
339,2015-01-01 11:56:42,1.29,-73.99413299560547,40.75131607055664,-73.98265838623048,40.765892028808594,300,30
340,2015-01-01 11:56:58,1.28,-73.97334289550781,40.76071166992188,-73.98847198486328,40.75384140014648,300,30
341,2015-01-01 11:57:02,3.32,-73.98296356201173,40.73500442504882,-73.98184967041014,40.76926040649414,300,30
342,2015-01-01 11:57:33,1.7,-74.00814819335938,40.7380256652832,-74.01181793212889,40.71506118774414,300,30
343,2015-01-01 11:57:43,2.79,-73.97840118408203,40.7517967224121,-74.00539398193358,40.727886199951165,300,30
344,2015-01-01 11:58:05,1.7,-73.97324371337889,40.758079528808594,-73.99419403076173,40.74625015258789,300,30
345,2015-01-01 11:58:10,2.0,-73.98054504394531,40.733882904052734,-73.99289703369139,40.7532958984375,300,30
346,2015-01-01 11:58:12,2.54,-74.0018310546875,40.756160736083984,-73.96847534179686,40.75578308105469,300,30
347,2015-01-01 11:58:21,1.38,-73.97825622558594,40.745471954345696,-73.97076416015625,40.7614631652832,300,30
348,2015-01-01 11:58:28,1.1,-73.9889144897461,40.74380874633789,-74.00337982177734,40.7388801574707,300,30
349,2015-01-01 11:58:33,5.2,-73.9750747680664,40.74157333374024,-74.01380920410156,40.70819091796875,300,30
350,2015-01-01 11:59:06,2.03,-73.97660064697266,40.7568359375,-73.98502349853516,40.7761116027832,300,30
351,2015-01-01 11:59:38,5.59,-73.97640228271484,40.73963165283203,-73.9623794555664,40.79910659790039,300,30
352,2015-01-01 12:00:11,1.6,-73.94786834716798,40.77595901489258,-73.96351623535155,40.76175308227539,300,30
353,2015-01-01 12:00:28,2.3,-73.9665756225586,40.76754379272461,-73.99708557128906,40.76268768310546,300,30
354,2015-01-01 12:01:17,2.53,-73.95285034179686,40.76897048950195,-73.97186279296875,40.74396133422852,300,30
355,2015-01-01 12:02:15,9.0,-73.94309234619139,40.84020614624024,-74.00745391845702,40.72962188720703,300,30
356,2015-01-01 12:02:53,1.3,-73.99725341796875,40.741676330566406,-74.0009536743164,40.72571563720703,300,30
357,2015-01-01 12:04:02,1.46,-73.97769927978516,40.75286865234375,-73.96221160888672,40.767208099365234,300,30
358,2015-01-01 12:04:18,1.9,-73.98049163818358,40.78185272216797,-73.95601654052734,40.78456115722656,300,30
359,2015-01-01 12:06:34,1.7,-73.9861831665039,40.7575798034668,-74.00215911865233,40.73455810546875,300,30
360,2015-01-01 12:06:56,1.3,-73.97460174560547,40.7560920715332,-73.98455047607422,40.743011474609375,300,30
361,2015-01-01 12:07:32,3.46,-73.99095153808595,40.75536346435546,-73.97222137451173,40.7813835144043,300,30
362,2015-01-01 12:07:35,1.7,-73.98782348632812,40.749759674072266,-73.96855163574217,40.76208114624024,300,30
363,2015-01-01 12:07:51,1.3,-73.97879791259764,40.758403778076165,-73.97835540771484,40.77291870117188,300,30
364,2015-01-01 12:09:08,1.61,-73.97482299804686,40.7475814819336,-73.99452209472656,40.743476867675774,300,30
365,2015-01-01 12:11:01,3.2,-73.94548034667967,40.782222747802734,-73.97393798828125,40.7565803527832,300,30
366,2015-01-01 12:11:42,1.4,-73.9736099243164,40.76116943359375,-73.96287536621094,40.77826690673828,300,30
367,2015-01-01 12:12:00,1.29,-73.98693084716798,40.73922348022461,-73.97596740722656,40.75377655029297,300,30
368,2015-01-01 12:12:12,1.7,-73.96796417236328,40.76301956176758,-73.9615707397461,40.77947616577149,300,30
369,2015-01-01 12:12:15,1.8,-73.98603820800781,40.75231552124024,-73.98527526855469,40.7358856201172,300,30
370,2015-01-01 12:12:24,1.6,-73.996826171875,40.74754333496094,-73.97923278808595,40.76176071166992,300,30
371,2015-01-01 12:12:37,1.38,-73.9725341796875,40.74668884277344,-73.9816665649414,40.7342185974121,300,30
372,2015-01-01 12:13:17,1.44,-73.96215057373048,40.795066833496094,-73.94152069091797,40.79598617553711,300,30
373,2015-01-01 12:13:30,5.3,-73.95706939697266,40.78291702270508,-73.98875427246092,40.73646545410156,300,30
374,2015-01-01 12:14:18,3.01,-73.97640228271484,40.7555046081543,-74.00706481933594,40.728736877441406,300,30
375,2015-01-01 12:14:23,1.3,-73.96094512939453,40.76008987426758,-73.96771240234375,40.77106475830078,300,30
376,2015-01-01 12:14:34,1.6,-73.95326232910156,40.76795196533203,-73.94937896728516,40.7850341796875,300,30
377,2015-01-01 12:15:01,1.4,-73.9869613647461,40.74226760864258,-73.99053955078125,40.75669097900391,300,30
378,2015-01-01 12:15:38,2.06,-73.98554992675781,40.73540496826172,-73.96682739257811,40.76116180419922,300,30
379,2015-01-01 12:15:41,4.5,-73.96332550048828,40.77426910400391,-74.003662109375,40.72234725952149,300,30
380,2015-01-01 12:16:09,2.23,-73.98904418945312,40.73954391479492,-73.97530364990233,40.764461517333984,300,30
381,2015-01-01 12:17:01,6.93,-74.00449371337889,40.742305755615234,-73.95119476318358,40.824195861816406,300,30
382,2015-01-01 12:17:53,1.5,-74.00791931152342,40.74633026123047,-73.98268127441406,40.73773193359375,300,30
383,2015-01-01 12:19:02,1.9,-73.9558868408203,40.78211975097656,-73.9580535888672,40.76116180419922,300,30
384,2015-01-01 12:19:06,2.23,-73.974365234375,40.76369094848633,-73.97093200683594,40.78607177734375,300,30
385,2015-01-01 12:19:20,1.42,-73.98224639892578,40.77391815185546,-73.96749877929686,40.7612419128418,300,30
386,2015-01-01 12:20:14,3.53,-74.01107788085938,40.71150970458984,-73.99445343017578,40.750591278076165,300,30
387,2015-01-01 12:20:21,1.5,-73.96201324462889,40.77880096435546,-73.9541015625,40.76405715942384,300,30
388,2015-01-01 12:20:50,1.9,-73.98725128173827,40.75594711303711,-73.96949005126953,40.7643928527832,300,30
389,2015-01-01 12:20:55,2.72,-73.9777603149414,40.7536506652832,-73.94778442382812,40.77622985839844,300,30
390,2015-01-01 12:21:07,4.34,-73.99413299560547,40.72877883911133,-73.95254516601561,40.768951416015625,300,30
391,2015-01-01 12:21:08,1.33,-73.98672485351561,40.74531173706056,-73.98348236083984,40.760475158691406,300,30
392,2015-01-01 12:21:49,1.0,-73.9669189453125,40.76675033569336,-73.97820281982422,40.75749206542969,300,30
393,2015-01-01 12:22:26,1.5,-73.9726333618164,40.75912857055664,-73.95288848876953,40.76662063598633,300,30
394,2015-01-01 12:24:18,5.68,-73.99909210205078,40.76093292236328,-73.95046997070312,40.821327209472656,300,30
395,2015-01-01 12:24:24,1.44,-73.98990631103516,40.75336837768555,-73.99191284179686,40.767337799072266,300,30
396,2015-01-01 12:24:44,1.26,-73.97321319580078,40.76385116577149,-73.98413848876953,40.748565673828125,300,30
397,2015-01-01 12:25:03,1.3,-73.98928833007811,40.75297164916992,-73.97559356689453,40.762840270996094,300,30
398,2015-01-01 12:28:43,1.4,-73.96088409423827,40.76960372924805,-73.98052978515625,40.76751708984375,300,30
399,2015-01-01 12:29:14,1.86,-73.99343872070312,40.74559783935546,-73.97142028808595,40.755130767822266,300,30
400,2015-01-01 12:30:17,3.5,-73.99925231933594,40.75447845458984,-74.01649475097656,40.716217041015625,300,30
401,2015-01-01 12:30:56,1.99,-73.95201873779298,40.765979766845696,-73.98155212402342,40.77455139160156,300,30
402,2015-01-01 12:31:08,1.94,-73.98562622070312,40.74123001098633,-73.98764038085938,40.759239196777344,300,30
403,2015-01-01 12:32:35,1.83,-74.00369262695312,40.732181549072266,-73.99237823486328,40.75347900390625,300,30
404,2015-01-01 12:33:25,2.2,-73.97748565673827,40.786895751953125,-73.96626281738281,40.76629638671875,300,30
405,2015-01-01 12:33:30,1.8,-73.96015930175781,40.770610809326165,-73.97624206542967,40.75154495239258,300,30
406,2015-01-01 12:34:16,4.5,-73.95791625976561,40.77954864501953,-73.98324584960938,40.73460388183594,300,30
407,2015-01-01 12:34:36,0.72,-74.00489044189453,40.70647811889648,-73.99404907226561,40.720169067382805,300,30
408,2015-01-01 12:34:37,1.3,-73.99844360351561,40.7352409362793,-73.97949981689453,40.736419677734375,300,30
409,2015-01-01 12:35:49,3.33,-73.99456787109375,40.740516662597656,-73.96007537841797,40.7603874206543,300,30
410,2015-01-01 12:40:59,2.12,-73.96204376220702,40.776226043701165,-73.97087097167967,40.75186920166016,300,30
411,2015-01-01 12:41:06,1.59,-73.98648834228516,40.7602767944336,-73.98237609863281,40.74908065795898,300,30
412,2015-01-01 12:41:28,1.4,-73.98824310302734,40.75389862060546,-74.0057144165039,40.75082778930664,300,30
413,2015-01-01 12:43:23,1.97,-73.99276733398438,40.73008728027344,-73.98556518554686,40.75212097167969,300,30
414,2015-01-01 12:44:48,2.6,-73.94348907470702,40.78931427001953,-73.97618865966798,40.78071212768555,300,30
415,2015-01-01 12:45:31,2.7,-73.98284912109375,40.748146057128906,-73.95770263671875,40.78289794921875,300,30
416,2015-01-01 12:45:50,1.7,-73.96231079101561,40.75924301147461,-73.95639038085938,40.77849197387695,300,30
417,2015-01-01 12:45:50,2.5,-73.95475006103516,40.77032470703125,-73.9804458618164,40.750991821289055,300,30
418,2015-01-01 12:46:04,1.2,-73.9653091430664,40.772117614746094,-73.97464752197266,40.77997589111328,300,30
419,2015-01-01 12:46:18,2.32,-73.97956848144531,40.74301528930664,-73.95709228515625,40.76628875732422,300,30
420,2015-01-01 12:46:52,2.11,-73.97115325927734,40.76105117797852,-73.98544311523438,40.73727416992188,300,30
421,2015-01-01 12:46:56,5.6,-73.94925689697266,40.78175735473633,-73.99291229248048,40.7332763671875,300,30
422,2015-01-01 12:47:03,2.18,-73.9869842529297,40.76114273071289,-73.96830749511719,40.7890510559082,300,30
423,2015-01-01 12:47:31,1.8,-73.95465087890625,40.78400039672852,-73.97238159179686,40.7593002319336,300,30
424,2015-01-01 12:49:22,3.72,-73.99302673339844,40.746341705322266,-73.96186065673827,40.77962112426758,300,30
425,2015-01-01 12:51:00,1.68,-73.99665832519531,40.7363510131836,-73.99993133544923,40.720508575439446,300,30
426,2015-01-01 12:51:42,1.65,-73.97615814208984,40.757190704345696,-74.00016784667967,40.75862884521485,300,30
427,2015-01-01 12:52:56,1.81,-73.99396514892578,40.75126647949219,-73.97373962402342,40.764591217041016,300,30
428,2015-01-01 12:53:07,2.19,-73.97037506103516,40.76217269897461,-73.99114990234375,40.73747634887695,300,30
429,2015-01-01 12:53:15,1.7,-73.95380401611328,40.77915191650391,-73.96805572509764,40.763893127441406,300,30
430,2015-01-01 12:53:16,3.75,-73.96823120117188,40.761451721191406,-73.98773193359375,40.71963119506836,300,30
431,2015-01-01 12:55:05,2.48,-73.98700714111328,40.73941040039063,-74.009765625,40.70848083496094,300,30
432,2015-01-01 12:55:27,3.21,-74.0091323852539,40.71070861816406,-73.99380493164062,40.74751663208008,300,30
433,2015-01-01 12:55:43,1.7,-73.96965026855469,40.753604888916016,-73.98174285888672,40.73265838623047,300,30
434,2015-01-01 12:55:47,1.81,-73.97673034667967,40.74768829345703,-73.96456146240233,40.77027893066406,300,30
435,2015-01-01 12:56:46,1.3,-73.96788787841797,40.78745269775391,-73.98401641845702,40.780620574951165,300,30
436,2015-01-01 13:00:10,2.82,-73.94876861572266,40.78419876098633,-73.970458984375,40.75218963623047,300,30
437,2015-01-01 13:03:11,2.93,-73.95500183105469,40.78900146484375,-73.98668670654298,40.76670837402344,300,30
438,2015-01-01 13:03:20,1.2,-73.98897552490233,40.72174835205078,-73.98801422119139,40.73520660400391,300,30
439,2015-01-01 13:04:01,2.7,-73.99655151367188,40.73236083984375,-73.97599029541014,40.75909423828125,300,30
440,2015-01-01 13:05:05,1.8,-73.98188018798828,40.7488670349121,-73.96231079101561,40.76378631591797,300,30
441,2015-01-01 13:05:23,2.14,-73.97977447509764,40.7351951599121,-74.00331115722656,40.717750549316406,300,30
442,2015-01-01 13:05:50,1.9,-73.99067687988281,40.75848388671875,-73.981201171875,40.77255630493164,300,30
443,2015-01-01 13:07:00,1.4,-73.990966796875,40.72797775268555,-73.9840087890625,40.74422073364258,300,30
444,2015-01-01 13:07:50,1.7,-73.97833251953125,40.753860473632805,-73.96267700195312,40.77558135986328,300,30
445,2015-01-01 13:08:01,1.56,-73.99078369140625,40.73982620239258,-74.00674438476561,40.751312255859375,300,30
446,2015-01-01 13:08:06,1.44,-73.99156951904298,40.73180770874024,-74.00181579589844,40.71541595458984,300,30
447,2015-01-01 13:08:32,3.2,-73.96007537841797,40.76226425170898,-73.98844146728516,40.73789978027344,300,30
448,2015-01-01 13:09:54,2.0,-73.96142578125,40.771480560302734,-73.97960662841797,40.74651336669922,300,30
449,2015-01-01 13:10:28,9.28,-73.96246337890625,40.77389526367188,-74.00489044189453,40.718128204345696,300,30
450,2015-01-01 13:10:42,3.5,-73.98445129394531,40.77998733520508,-73.96326446533203,40.81081771850586,300,30
451,2015-01-01 13:11:15,2.9,-73.9519805908203,40.77783584594727,-73.98115539550781,40.74748992919922,300,30
452,2015-01-01 13:11:20,1.8,-74.00689697265625,40.72937774658203,-74.00244140625,40.75015258789063,300,30
453,2015-01-01 13:11:53,2.51,-73.94611358642578,40.77547073364258,-73.97336578369139,40.7651596069336,300,30
454,2015-01-01 13:12:57,2.7,-73.98906707763672,40.74803161621094,-73.95719909667967,40.766395568847656,300,30
455,2015-01-01 13:13:22,2.2,-74.00196075439453,40.715213775634766,-73.97782897949219,40.73422622680664,300,30
456,2015-01-01 13:13:37,1.9,-73.97174835205078,40.79216384887695,-73.95982360839844,40.81524658203125,300,30
457,2015-01-01 13:14:04,1.89,-73.98130798339844,40.75928115844727,-73.98677825927734,40.77656173706056,300,30
458,2015-01-01 13:14:14,8.02,-73.97209167480467,40.76137161254882,-74.01456451416014,40.71492004394531,300,30
459,2015-01-01 13:14:19,2.1,-73.97479248046875,40.74771881103516,-73.99927520751953,40.73882675170898,300,30
460,2015-01-01 13:14:28,1.6,-73.98974609375,40.747173309326165,-73.97210693359375,40.75993347167969,300,30
461,2015-01-01 13:14:41,1.9,-73.94903564453125,40.77077102661133,-73.97049713134764,40.783740997314446,300,30
462,2015-01-01 13:16:37,3.1,-74.00495147705078,40.71373748779297,-73.98936462402342,40.753032684326165,300,30
463,2015-01-01 13:16:45,1.4,-73.9661865234375,40.789669036865234,-73.97955322265625,40.771278381347656,300,30
464,2015-01-01 13:17:36,3.49,-73.98858642578125,40.75257873535156,-73.9549331665039,40.775100708007805,300,30
465,2015-01-01 13:18:27,1.43,-73.95281219482422,40.78316879272461,-73.96614837646483,40.76491165161133,300,30
466,2015-01-01 13:18:59,3.5,-73.98728942871094,40.73348236083984,-73.97735595703125,40.77250289916992,300,30
467,2015-01-01 13:19:30,2.1,-73.98302459716798,40.76160430908203,-74.0056381225586,40.74113845825195,300,30
468,2015-01-01 13:19:38,1.3,-73.99951934814453,40.720191955566406,-73.9932861328125,40.73343276977539,300,30
469,2015-01-01 13:20:02,1.6,-74.00462341308595,40.70774841308594,-73.98036193847656,40.715797424316406,300,30
470,2015-01-01 13:20:21,1.2,-73.96892547607422,40.76470565795898,-73.95681762695312,40.779823303222656,300,30
471,2015-01-01 13:20:24,1.1,-73.96875,40.77010726928711,-73.97911071777342,40.758953094482415,300,30
472,2015-01-01 13:20:43,1.4,-73.97772979736328,40.75202178955078,-73.98323822021484,40.73479080200195,300,30
473,2015-01-01 13:21:25,3.4,-73.96112060546875,40.77919006347656,-73.95577239990233,40.81404113769531,300,30
474,2015-01-01 13:21:51,2.64,-73.98197937011719,40.76604080200195,-73.94933319091797,40.776905059814446,300,30
475,2015-01-01 13:22:55,1.62,-73.991455078125,40.75494384765625,-73.99613189697266,40.76837158203125,300,30
476,2015-01-01 13:24:08,1.73,-73.98293304443358,40.735008239746094,-74.00450134277344,40.72866821289063,300,30
477,2015-01-01 13:24:47,2.71,-73.99821472167967,40.730567932128906,-73.9682388305664,40.75120544433594,300,30
478,2015-01-01 13:25:05,1.91,-73.96626281738281,40.76155090332031,-73.95409393310547,40.78443908691406,300,30
479,2015-01-01 13:25:41,1.33,-73.98316192626953,40.76797866821289,-73.97489166259764,40.756641387939446,300,30
480,2015-01-01 13:26:07,2.0,-73.96578216552734,40.76543426513672,-73.97969055175781,40.7838020324707,300,30
481,2015-01-01 13:26:25,2.8,-73.981689453125,40.77867126464844,-73.95996856689453,40.81396865844727,300,30
482,2015-01-01 13:29:24,3.1,-73.9391326904297,40.80519485473633,-73.97759246826173,40.79217529296875,300,30
483,2015-01-01 13:30:03,4.89,-73.99031829833984,40.7486457824707,-74.01261138916014,40.702613830566406,300,30
484,2015-01-01 13:30:07,2.1,-73.96733093261719,40.78802490234375,-73.96680450439453,40.768169403076165,300,30
485,2015-01-01 13:30:12,4.17,-73.98075866699219,40.78224563598633,-73.98003387451173,40.74330139160156,300,30
486,2015-01-01 13:30:46,1.22,-73.97926330566406,40.75262069702149,-73.9793701171875,40.765235900878906,300,30
487,2015-01-01 13:31:12,2.04,-73.96572875976561,40.76559829711913,-73.99615478515625,40.768333435058594,300,30
488,2015-01-01 13:32:06,5.2,-74.00230407714845,40.70864486694336,-73.98375701904298,40.757129669189446,300,30
489,2015-01-01 13:32:24,2.1,-73.98161315917967,40.7705192565918,-73.99801635742188,40.74508666992188,300,30
490,2015-01-01 13:33:28,1.7,-73.98954772949219,40.751163482666016,-73.97245025634764,40.756595611572266,300,30
491,2015-01-01 13:34:23,1.5,-73.98411560058595,40.74628829956056,-73.9764633178711,40.7651596069336,300,30
492,2015-01-01 13:34:58,2.1,-73.97787475585938,40.77872848510742,-73.99821472167967,40.753265380859375,300,30
493,2015-01-01 13:36:04,1.3,-74.00567626953125,40.74342346191406,-73.98703765869139,40.73977279663086,300,30
494,2015-01-01 13:36:31,3.5,-73.94502258300781,40.803524017333984,-73.98265075683594,40.77434158325195,300,30
495,2015-01-01 13:38:31,2.8,-73.97936248779298,40.78703308105469,-73.97608184814453,40.76329040527344,300,30
496,2015-01-01 13:38:48,1.38,-73.98357391357422,40.738258361816406,-73.99312591552734,40.74979782104492,300,30
497,2015-01-01 13:40:15,1.8,-73.97809600830078,40.75673675537109,-73.96690368652342,40.77068710327149,300,30
498,2015-01-01 13:40:28,1.8,-73.96166229248048,40.77196502685546,-73.98450469970702,40.768230438232415,300,30
499,2015-01-01 13:40:32,2.25,-73.98844909667967,40.77917098999024,-73.99295806884764,40.75392532348633,300,30
500,2015-01-01 13:40:37,1.7,-73.98603057861328,40.74078369140625,-73.97049713134764,40.76144790649414,300,30
501,2015-01-01 13:41:29,1.3,-73.98238372802734,40.76441955566406,-73.9943618774414,40.750282287597656,300,30
502,2015-01-01 13:41:34,2.04,-73.97613525390625,40.776123046875,-73.95796203613281,40.77707290649414,300,30
503,2015-01-01 13:41:37,3.45,-73.99564361572266,40.72471618652344,-73.9817657470703,40.764995574951165,300,30
504,2015-01-01 13:41:57,1.76,-73.9531021118164,40.7886199951172,-73.96366119384764,40.76774597167969,300,30
505,2015-01-01 13:41:58,2.52,-74.00531005859375,40.74610137939453,-73.97714233398438,40.764461517333984,300,30
506,2015-01-01 13:42:03,1.93,-73.9607925415039,40.781158447265625,-73.9851837158203,40.775440216064446,300,30
507,2015-01-01 13:42:04,1.1,-73.98606872558594,40.73477554321289,-73.99387359619139,40.74544525146485,300,30
508,2015-01-01 13:42:25,1.5,-73.95641326904298,40.7763557434082,-73.96675872802734,40.790260314941406,300,30
509,2015-01-01 13:42:27,2.6,-73.95099639892578,40.7705192565918,-73.96969604492188,40.793006896972656,300,30
510,2015-01-01 13:42:29,1.3,-73.98091888427734,40.75989532470703,-73.99608612060547,40.76865005493164,300,30
511,2015-01-01 13:42:35,1.5,-73.9947967529297,40.740272521972656,-73.97336578369139,40.73854064941406,300,30
512,2015-01-01 13:43:02,6.94,-73.9933090209961,40.76769256591797,-73.93386840820312,40.84666442871094,300,30
513,2015-01-01 13:43:09,2.6,-74.00029754638672,40.74796295166016,-73.99974822998048,40.71929931640625,300,30
514,2015-01-01 13:44:12,1.54,-73.98667907714845,40.7454948425293,-73.98643493652342,40.76180648803711,300,30
515,2015-01-01 13:44:29,1.86,-73.982177734375,40.7457389831543,-73.9671401977539,40.76369094848633,300,30
516,2015-01-01 13:44:42,1.3,-73.98240661621094,40.768463134765625,-73.96564483642578,40.76614761352539,300,30
517,2015-01-01 13:44:51,1.64,-73.97283935546875,40.75573348999024,-73.98955535888672,40.741817474365234,300,30
518,2015-01-01 13:45:02,1.7,-73.98934936523438,40.74166870117188,-73.98291015625,40.76180648803711,300,30
519,2015-01-01 13:46:37,1.9,-74.00930786132812,40.726470947265625,-73.99514770507811,40.74989318847656,300,30
520,2015-01-01 13:46:54,2.12,-73.98213195800781,40.74580001831056,-73.97783660888672,40.73387908935546,300,30
521,2015-01-01 13:48:01,2.3,-73.9735107421875,40.78961181640625,-73.95364379882812,40.771121978759766,300,30
522,2015-01-01 13:48:21,1.97,-73.97093200683594,40.76131439208984,-73.951171875,40.779258728027344,300,30
523,2015-01-01 13:48:58,1.5,-73.9871368408203,40.73875427246094,-73.9837188720703,40.75551223754882,300,30
524,2015-01-01 13:50:22,2.3,-73.99899291992188,40.72500228881836,-73.97586059570312,40.74934005737305,300,30
525,2015-01-01 13:51:08,1.55,-73.99578857421875,40.76433563232422,-73.99312591552734,40.748661041259766,300,30
526,2015-01-01 13:52:20,1.2,-73.98136901855469,40.78146743774414,-73.96932220458984,40.79196166992188,300,30
527,2015-01-01 13:53:06,3.98,-73.971923828125,40.760101318359375,-73.96253967285155,40.804790496826165,300,30
528,2015-01-01 13:53:20,1.4,-74.0101089477539,40.72010803222656,-74.0138168334961,40.70271682739258,300,30
529,2015-01-01 13:53:21,1.7,-74.00682067871094,40.73041534423828,-73.99335479736328,40.75235748291016,300,30
530,2015-01-01 13:54:59,2.2,-74.0102310180664,40.703086853027344,-73.98953247070312,40.72064208984375,300,30
531,2015-01-01 13:57:06,1.23,-73.99777984619139,40.75661087036133,-73.97724914550781,40.74869155883789,300,30
532,2015-01-01 13:57:28,1.53,-73.99088287353516,40.750930786132805,-73.97442626953125,40.75606155395508,300,30
533,2015-01-01 13:57:33,2.45,-73.99078369140625,40.734188079833984,-74.00714111328125,40.706302642822266,300,30
534,2015-01-01 13:58:28,1.4,-73.9984359741211,40.73807144165039,-73.97895812988281,40.73652267456056,300,30
535,2015-01-01 13:58:36,1.59,-73.95530700683594,40.77692031860352,-73.97223663330078,40.79074096679688,300,30
536,2015-01-01 13:59:44,9.0,-73.95479583740233,40.77774810791016,-74.00821685791014,40.71401596069336,300,30
537,2015-01-01 13:59:47,3.68,-73.96382141113281,40.77455520629882,-73.99915313720702,40.74546051025391,300,30
538,2015-01-01 14:02:04,2.6,-73.97893524169923,40.75811767578125,-73.98777770996092,40.73537063598633,300,30
539,2015-01-01 14:03:03,5.1,-73.94461822509764,40.787422180175774,-73.9818344116211,40.73116683959961,300,30
540,2015-01-01 14:03:30,1.4,-73.98443603515625,40.78021240234375,-73.99736022949219,40.76213455200195,300,30
541,2015-01-01 14:03:43,1.5,-74.00068664550781,40.75768280029297,-73.97824096679686,40.75271987915039,300,30
542,2015-01-01 14:03:46,1.98,-73.9768829345703,40.79019165039063,-73.96468353271484,40.7729606628418,300,30
543,2015-01-01 14:03:53,1.5,-73.96985626220702,40.789852142333984,-73.95574951171875,40.78199768066406,300,30
544,2015-01-01 14:04:38,5.3,-73.97844696044923,40.752079010009766,-74.01199340820312,40.70471954345703,300,30
545,2015-01-01 14:05:11,1.19,-73.95890045166014,40.77195358276367,-73.95279693603516,40.7859001159668,300,30
546,2015-01-01 14:05:13,1.3,-73.98258972167967,40.76458740234375,-73.97529602050781,40.75307846069336,300,30
547,2015-01-01 14:05:30,1.4,-73.98104095458984,40.76063919067384,-73.99980163574217,40.758827209472656,300,30
548,2015-01-01 14:05:32,1.91,-73.99352264404298,40.73341751098633,-74.00849151611328,40.71736145019531,300,30
549,2015-01-01 14:06:29,3.4,-73.97749328613281,40.759578704833984,-74.00695037841797,40.719337463378906,300,30
550,2015-01-01 14:06:51,2.9,-73.96260833740233,40.804981231689446,-73.95423126220702,40.778900146484375,300,30
551,2015-01-01 14:07:14,1.37,-73.97908020019531,40.7769775390625,-73.97321319580078,40.764007568359375,300,30
552,2015-01-01 14:07:33,1.8,-73.98651123046875,40.73944854736328,-74.00457763671875,40.72548675537109,300,30
553,2015-01-01 14:08:26,6.07,-74.00601959228516,40.7069206237793,-73.96688842773438,40.766510009765625,300,30
554,2015-01-01 14:08:52,1.37,-74.00079345703125,40.72587585449219,-74.00206756591797,40.74044799804688,300,30
555,2015-01-01 14:11:10,2.4,-73.9947509765625,40.76057052612305,-73.97003173828125,40.78549957275391,300,30
556,2015-01-01 14:11:39,2.4,-74.000732421875,40.75796890258789,-73.97141265869139,40.76528930664063,300,30
557,2015-01-01 14:12:05,1.98,-73.97730255126953,40.78951644897461,-73.95269775390625,40.78401184082031,300,30
558,2015-01-01 14:12:59,1.29,-73.95638275146483,40.78704071044922,-73.97291564941406,40.7859764099121,300,30
559,2015-01-01 14:13:48,1.3,-73.97015380859375,40.79423141479492,-73.95777893066406,40.81116485595703,300,30
560,2015-01-01 14:14:30,2.41,-73.97106170654298,40.78778839111328,-73.9705810546875,40.76491928100586,300,30
561,2015-01-01 14:14:54,5.0,-73.9644775390625,40.80745697021485,-73.99467468261719,40.75028991699219,300,30
562,2015-01-01 14:16:45,2.3,-73.9981918334961,40.72019577026367,-73.99180603027342,40.74750518798828,300,30
563,2015-01-01 14:17:17,1.5,-74.00845336914062,40.73484802246094,-73.99195861816406,40.74554061889648,300,30
564,2015-01-01 14:17:23,1.3,-74.00669860839844,40.73373794555664,-73.99491119384764,40.750099182128906,300,30
565,2015-01-01 14:17:25,3.25,-74.0160903930664,40.71506881713867,-74.00240325927734,40.75594329833984,300,30
566,2015-01-01 14:17:31,1.79,-73.9803009033203,40.78350830078125,-73.95510864257811,40.77315902709961,300,30
567,2015-01-01 14:17:36,3.1,-73.98245239257811,40.77809143066406,-73.98149108886719,40.74725341796875,300,30
568,2015-01-01 14:18:06,2.4,-73.979736328125,40.746238708496094,-74.00479125976561,40.72551727294922,300,30
569,2015-01-01 14:18:18,1.59,-73.97120666503906,40.7609977722168,-73.95438385009764,40.77906799316406,300,30
570,2015-01-01 14:18:38,1.8,-73.9625473022461,40.778717041015625,-73.97409057617188,40.79362487792969,300,30
571,2015-01-01 14:19:30,1.62,-73.99571990966798,40.75925827026367,-73.97411346435547,40.76308059692384,300,30
572,2015-01-01 14:20:18,2.54,-73.99283599853516,40.76824188232422,-73.99655151367188,40.74047470092773,300,30
573,2015-01-01 14:20:58,1.62,-73.97041320800781,40.76503753662109,-73.98159790039062,40.77968215942384,300,30
574,2015-01-01 14:21:27,4.23,-73.9475860595703,40.79046249389648,-73.98640441894531,40.75636672973633,300,30
575,2015-01-01 14:21:31,1.4,-73.9660415649414,40.76180648803711,-73.976806640625,40.77503204345703,300,30
576,2015-01-01 14:22:24,2.4,-73.99112701416014,40.7502326965332,-74.00991821289062,40.72007751464844,300,30
577,2015-01-01 14:23:12,1.7,-74.00693511962889,40.74391174316406,-73.99665832519531,40.72687911987305,300,30
578,2015-01-01 14:23:52,2.6,-73.97357940673827,40.792644500732415,-73.94749450683594,40.81686401367188,300,30
579,2015-01-01 14:23:57,2.1,-73.96253204345702,40.76702880859375,-73.9793243408203,40.78191757202149,300,30
580,2015-01-01 14:24:19,1.75,-73.97573852539062,40.74897003173828,-73.95793914794923,40.7686004638672,300,30
581,2015-01-01 14:24:30,4.67,-74.00775146484375,40.70490646362305,-73.9857177734375,40.74393844604492,300,30
582,2015-01-01 14:25:07,2.67,-73.97402954101561,40.749290466308594,-73.97547912597656,40.77683639526367,300,30
583,2015-01-01 14:25:22,6.6,-74.01107788085938,40.70782852172852,-73.97701263427734,40.75925064086913,300,30
584,2015-01-01 14:25:43,2.6,-73.97781372070312,40.75778198242188,-73.9822998046875,40.72797775268555,300,30
585,2015-01-01 14:25:54,3.5,-74.0055160522461,40.72555160522461,-73.98829650878906,40.754791259765625,300,30
586,2015-01-01 14:26:06,5.4,-74.00403594970702,40.7075080871582,-73.96904754638672,40.757938385009766,300,30
587,2015-01-01 14:26:31,1.6,-73.98900604248048,40.737491607666016,-73.97722625732422,40.752323150634766,300,30
588,2015-01-01 14:26:40,0.9,-73.98054504394531,40.75085067749024,-73.96466064453125,40.75348663330078,300,30
589,2015-01-01 14:26:44,1.6,-73.98295593261719,40.76680374145508,-73.98385620117188,40.749378204345696,300,30
590,2015-01-01 14:27:09,1.9,-74.01359558105469,40.712890625,-73.99915313720702,40.73404312133789,300,30
591,2015-01-01 14:27:26,2.1,-73.95482635498048,40.78019714355469,-73.97470092773438,40.75642776489258,300,30
592,2015-01-01 14:31:07,3.9,-73.97676849365233,40.75843811035156,-74.01081085205078,40.72359848022461,300,30
593,2015-01-01 14:31:07,5.04,-73.96934509277344,40.80046081542969,-73.99488830566406,40.75007247924805,300,30
594,2015-01-01 14:31:21,1.4,-73.9865493774414,40.76688003540039,-73.97838592529298,40.78335952758789,300,30
595,2015-01-01 14:33:44,5.1,-74.00589752197266,40.70612716674805,-73.97724151611328,40.75173568725586,300,30
596,2015-01-01 14:33:47,4.64,-73.96952819824217,40.76283645629882,-73.98941802978516,40.716346740722656,300,30
597,2015-01-01 14:33:54,1.65,-73.98062896728516,40.783111572265625,-73.96109008789062,40.777740478515625,300,30
598,2015-01-01 14:34:49,1.4,-73.97403717041014,40.75852584838867,-73.98466491699219,40.742488861083984,300,30
599,2015-01-01 14:35:30,4.69,-73.95513153076173,40.77936172485352,-73.98983764648438,40.750442504882805,300,30
600,2015-01-01 14:36:15,3.2,-73.99246215820312,40.74345397949219,-73.96288299560547,40.77813720703125,300,30
601,2015-01-01 14:36:26,1.94,-73.99411010742188,40.75126647949219,-73.97602081298828,40.776065826416016,300,30
602,2015-01-01 14:36:33,3.02,-73.98206329345702,40.76296615600586,-74.00741577148438,40.72505569458008,300,30
603,2015-01-01 14:36:41,1.3,-74.00747680664062,40.74306869506836,-73.99388885498048,40.755638122558594,300,30
604,2015-01-01 14:37:07,5.3,-73.97653198242188,40.755008697509766,-74.00796508789062,40.70474243164063,300,30
605,2015-01-01 14:37:14,2.18,-73.98632049560547,40.77716445922852,-73.9937744140625,40.75219345092773,300,30
606,2015-01-01 14:37:18,1.56,-73.97833251953125,40.78759002685546,-73.95741271972656,40.782745361328125,300,30
607,2015-01-01 14:38:02,4.13,-73.98058319091797,40.73058319091797,-74.01150512695312,40.70430374145508,300,30
608,2015-01-01 14:38:21,4.4,-73.97648620605469,40.74497985839844,-73.95294189453125,40.79081344604492,300,30
609,2015-01-01 14:38:27,5.4,-73.9777603149414,40.76373291015625,-73.94268035888672,40.81693649291992,300,30
610,2015-01-01 14:38:46,3.5,-74.00682830810547,40.730518341064446,-73.9717254638672,40.7607536315918,300,30
611,2015-01-01 14:39:13,2.18,-73.98641967773438,40.751758575439446,-73.9781494140625,40.777137756347656,300,30
612,2015-01-01 14:39:29,2.05,-73.97073364257811,40.75799179077149,-73.99969482421875,40.758892059326165,300,30
613,2015-01-01 14:40:08,2.54,-73.95997619628906,40.762451171875,-73.99075317382812,40.75743865966797,300,30
614,2015-01-01 14:41:33,1.1,-73.99153900146483,40.75094223022461,-74.00239562988281,40.76062774658203,300,30
615,2015-01-01 14:41:56,1.61,-73.98695373535155,40.73971939086913,-74.0011978149414,40.731719970703125,300,30
616,2015-01-01 14:42:07,1.6,-73.95809936523438,40.77620315551758,-73.96904754638672,40.7563705444336,300,30
617,2015-01-01 14:42:57,2.1,-73.9698715209961,40.759380340576165,-73.95726776123048,40.784446716308594,300,30
618,2015-01-01 14:43:07,2.4,-73.97832489013672,40.752246856689446,-73.99800109863281,40.765727996826165,300,30
619,2015-01-01 14:43:22,2.14,-73.97332000732422,40.77986526489258,-73.97943115234375,40.76342010498047,300,30
620,2015-01-01 14:43:28,1.24,-73.97350311279298,40.76355743408203,-73.97803497314453,40.74956512451172,300,30
621,2015-01-01 14:44:45,1.17,-73.96073150634764,40.77565002441406,-73.97176361083984,40.76020050048828,300,30
622,2015-01-01 14:44:59,1.2,-73.99079132080078,40.73969650268555,-74.00769805908203,40.732948303222656,300,30
623,2015-01-01 14:45:03,6.88,-74.01521301269531,40.70899200439453,-73.95891571044923,40.76893615722656,300,30
624,2015-01-01 14:45:31,1.71,-73.98725128173827,40.75250244140625,-73.99124908447266,40.76558303833008,300,30
625,2015-01-01 14:46:13,2.2,-73.95458221435547,40.76972579956056,-73.9813461303711,40.77881622314453,300,30
626,2015-01-01 14:46:20,2.18,-73.98612976074217,40.74350738525391,-73.96208190917967,40.75816345214844,300,30
627,2015-01-01 14:47:42,2.26,-73.9976806640625,40.724388122558594,-73.98155212402342,40.74388122558594,300,30
628,2015-01-01 14:48:17,1.85,-73.96073150634764,40.7739372253418,-73.97557067871092,40.752098083496094,300,30
629,2015-01-01 14:48:24,1.64,-74.00605010986328,40.71727752685546,-73.9898910522461,40.73401641845703,300,30
630,2015-01-01 14:49:15,2.6,-74.01512145996092,40.71124267578125,-73.9929428100586,40.73078536987305,300,30
631,2015-01-01 14:49:39,2.4,-73.97621154785155,40.73997116088867,-73.96783447265625,40.768020629882805,300,30
632,2015-01-01 14:50:30,1.65,-73.9637222290039,40.77416610717773,-73.98115539550781,40.77840805053711,300,30
633,2015-01-01 14:51:08,2.0,-73.97943115234375,40.76194763183594,-73.97814178466798,40.78601837158203,300,30
634,2015-01-01 14:52:40,1.3,-73.95846557617188,40.7642707824707,-73.9559097290039,40.7798080444336,300,30
635,2015-01-01 14:52:50,1.3,-73.99626159667967,40.7681884765625,-73.98500061035155,40.75618743896485,300,30
636,2015-01-01 14:52:55,1.7,-73.98600006103516,40.74040222167969,-74.00447845458984,40.72355270385742,300,30
637,2015-01-01 14:53:11,3.18,-74.00411224365233,40.706817626953125,-73.98912811279298,40.72517776489258,300,30
638,2015-01-01 14:54:45,5.0,-73.97122955322266,40.756465911865234,-74.00137329101561,40.714839935302734,300,30
639,2015-01-01 14:55:25,1.91,-73.99064636230467,40.7512321472168,-73.97245788574217,40.76238250732422,300,30
640,2015-01-01 14:55:36,1.39,-73.98117065429686,40.73729705810546,-73.9930648803711,40.71981048583984,300,30
641,2015-01-01 14:56:00,4.75,-73.963623046875,40.757278442382805,-73.93782806396483,40.80577087402344,300,30
642,2015-01-01 14:56:06,6.16,-73.97494506835938,40.79075241088867,-73.98804473876953,40.73274993896485,300,30
643,2015-01-01 14:56:31,2.2,-73.9929962158203,40.752967834472656,-73.97657775878906,40.77811813354492,300,30
644,2015-01-01 14:56:33,2.0,-73.96218872070312,40.77928161621094,-73.98242950439453,40.75667190551758,300,30
645,2015-01-01 14:56:34,1.7,-73.97215270996092,40.759101867675774,-73.95233917236328,40.76947021484375,300,30
646,2015-01-01 14:56:47,2.32,-73.97406005859375,40.747371673583984,-74.00249481201173,40.73348617553711,300,30
647,2015-01-01 14:57:07,1.97,-73.95366668701173,40.76664352416992,-73.9747314453125,40.75309753417969,300,30
648,2015-01-01 14:57:38,2.74,-73.97354125976561,40.78466033935546,-73.94257354736328,40.786170959472656,300,30
649,2015-01-01 14:58:39,1.75,-73.9669189453125,40.76249694824219,-73.95526123046875,40.783321380615234,300,30
650,2015-01-01 14:59:27,0.6,-74.00371551513672,40.74329376220703,-73.99713897705078,40.737422943115234,300,30
651,2015-01-01 15:00:05,2.45,-73.98705291748048,40.77611541748047,-73.96343994140625,40.80345153808594,300,30
652,2015-01-01 15:00:13,1.4,-73.96691131591797,40.7532958984375,-73.98802947998048,40.75644302368164,300,30
653,2015-01-01 15:00:23,0.5,-73.96050262451173,40.76583480834961,-73.96350860595702,40.75874710083008,300,30
654,2015-01-01 15:01:28,6.8,-74.0101318359375,40.72045516967773,-73.96478271484375,40.75592422485352,300,30
655,2015-01-01 15:02:01,3.91,-73.95370483398438,40.77881622314453,-73.94799041748048,40.82186508178711,300,30
656,2015-01-01 15:03:48,3.1,-73.97964477539062,40.7837371826172,-73.9643325805664,40.75651931762695,300,30
657,2015-01-01 15:03:54,3.26,-73.96239471435547,40.77894592285156,-73.99884033203125,40.76423263549805,300,30
658,2015-01-01 15:05:33,0.7,-73.96895599365233,40.76448440551758,-73.97864532470702,40.76175308227539,300,30
659,2015-01-01 15:06:19,1.1,-73.97283935546875,40.764610290527344,-73.96250915527342,40.75528717041016,300,30
660,2015-01-01 15:06:38,3.5,-73.98809051513672,40.77019119262695,-73.99010467529298,40.73447036743164,300,30
661,2015-01-01 15:07:21,0.5,-73.97138977050781,40.75624847412109,-73.95931243896483,40.76665496826172,300,30
662,2015-01-01 15:07:44,1.13,-73.97743225097656,40.736194610595696,-73.99339294433594,40.73645782470703,300,30
663,2015-01-01 15:09:04,1.09,-73.9571533203125,40.76604843139648,-73.94673919677734,40.776470184326165,300,30
664,2015-01-01 15:10:10,1.9,-73.99510955810547,40.7397918701172,-73.97966003417967,40.722991943359375,300,30
665,2015-01-01 15:10:15,1.19,-74.00269317626953,40.74812316894531,-73.99327850341797,40.73748779296875,300,30
666,2015-01-01 15:10:17,2.5,-73.98185729980467,40.780586242675774,-73.95936584472656,40.81106185913086,300,30
667,2015-01-01 15:10:20,2.1,-74.00582122802734,40.740230560302734,-73.98497009277344,40.75955581665039,300,30
668,2015-01-01 15:10:33,2.92,-73.96276092529298,40.77886199951172,-73.9959259033203,40.7685661315918,300,30
669,2015-01-01 15:10:36,4.04,-73.98320007324217,40.75359725952149,-73.99114227294923,40.73313522338867,300,30
670,2015-01-01 15:11:43,1.0,-73.98091888427734,40.75954818725586,-73.97880554199219,40.75091171264648,300,30
671,2015-01-01 15:11:48,1.11,-73.98876953125,40.7486686706543,-73.97276306152342,40.74605178833008,300,30
672,2015-01-01 15:12:03,1.66,-73.95606231689453,40.782913208007805,-73.95435333251953,40.76609802246094,300,30
673,2015-01-01 15:12:33,0.8,-73.96319580078125,40.75805282592773,-73.9739990234375,40.75488662719727,300,30
674,2015-01-01 15:13:11,4.24,-73.98548889160156,40.73569107055664,-73.95538330078125,40.77703094482422,300,30
675,2015-01-01 15:14:02,1.02,-73.98764038085938,40.71856689453125,-73.99876403808595,40.724807739257805,300,30
676,2015-01-01 15:14:08,1.04,-73.9959259033203,40.72848510742188,-73.99549102783203,40.739376068115234,300,30
677,2015-01-01 15:14:21,2.05,-73.9758071899414,40.75094223022461,-73.98198699951173,40.74508666992188,300,30
678,2015-01-01 15:15:39,0.5,-73.98426818847656,40.753276824951165,-73.97846221923827,40.74844741821289,300,30
679,2015-01-01 15:15:48,1.27,-73.9703598022461,40.76493453979492,-73.97512054443358,40.77724838256836,300,30
680,2015-01-01 15:16:23,1.6,-73.95240020751953,40.784046173095696,-73.96746826171875,40.76324844360352,300,30
681,2015-01-01 15:17:21,0.7,-73.96157836914062,40.78014373779297,-73.96051025390625,40.77288436889648,300,30
682,2015-01-01 15:17:26,4.37,-73.98545837402342,40.76862335205078,-74.00994873046875,40.72062683105469,300,30
683,2015-01-01 15:17:30,2.2,-74.0111083984375,40.716251373291016,-74.00911712646483,40.7387924194336,300,30
684,2015-01-01 15:17:34,2.9,-74.00526428222656,40.72240447998047,-73.97637176513672,40.7483787536621,300,30
685,2015-01-01 15:17:47,2.6,-73.97968292236328,40.760990142822266,-73.95340728759764,40.78833770751953,300,30
686,2015-01-01 15:19:13,1.53,-74.00724792480467,40.73348617553711,-73.98902130126953,40.748146057128906,300,30
687,2015-01-01 15:19:36,1.11,-73.98831939697266,40.737258911132805,-73.97830200195312,40.7510986328125,300,30
688,2015-01-01 15:20:24,1.1,-73.95369720458984,40.7907829284668,-73.97152709960938,40.79535675048828,300,30
689,2015-01-01 15:20:33,0.87,-73.976806640625,40.76498794555664,-73.96941375732422,40.757720947265625,300,30
690,2015-01-01 15:20:45,5.46,-73.97152709960938,40.76350784301758,-74.01228332519531,40.72017288208008,300,30
691,2015-01-01 15:20:59,2.9,-73.9707489013672,40.76141357421875,-74.0054931640625,40.749122619628906,300,30
692,2015-01-01 15:21:04,1.7,-73.97177124023438,40.790470123291016,-73.98230743408203,40.77117919921875,300,30
693,2015-01-01 15:22:32,2.2,-73.99449920654298,40.76580810546875,-73.98921966552734,40.7436637878418,300,30
694,2015-01-01 15:22:34,1.2,-74.00403594970702,40.725704193115234,-73.98350524902342,40.72129821777344,300,30
695,2015-01-01 15:22:38,1.35,-73.97393798828125,40.763984680175774,-73.9603500366211,40.775928497314446,300,30
696,2015-01-01 15:22:43,2.7,-73.96398162841797,40.77367401123047,-73.99246215820312,40.748828887939446,300,30
697,2015-01-01 15:23:19,1.0,-73.97922515869139,40.75289535522461,-73.9897232055664,40.75881576538086,300,30
698,2015-01-01 15:23:20,1.06,-73.98011016845702,40.76751327514648,-73.96703338623048,40.76411819458008,300,30
699,2015-01-01 15:23:21,2.3,-73.98119354248048,40.75049591064453,-73.98391723632812,40.72851943969727,300,30
700,2015-01-01 15:23:31,0.7,-73.96317291259764,40.77341842651367,-73.95539093017578,40.776893615722656,300,30
701,2015-01-01 15:23:43,3.83,-74.0099868774414,40.720039367675774,-73.9832305908203,40.7642707824707,300,30
702,2015-01-01 15:23:49,0.99,-73.95622253417967,40.77880859375,-73.95346069335938,40.768341064453125,300,30
703,2015-01-01 15:24:39,1.06,-73.9551239013672,40.78343963623047,-73.96185302734375,40.77088165283203,300,30
704,2015-01-01 15:24:40,1.06,-73.95035552978516,40.770374298095696,-73.95638275146483,40.78002166748047,300,30
705,2015-01-01 15:25:07,2.11,-73.99394989013672,40.74629974365234,-73.98748779296875,40.76450347900391,300,30
706,2015-01-01 15:25:47,2.04,-73.9861068725586,40.772422790527344,-73.99061584472656,40.75075149536133,300,30
707,2015-01-01 15:26:13,1.4,-73.9618148803711,40.773750305175774,-73.94436645507811,40.77728271484375,300,30
708,2015-01-01 15:26:19,0.76,-73.9735336303711,40.75101852416992,-73.97547912597656,40.75896072387695,300,30
709,2015-01-01 15:26:48,2.3,-73.96797943115233,40.79989242553711,-73.9820785522461,40.76797866821289,300,30
710,2015-01-01 15:26:54,2.15,-73.9823989868164,40.757999420166016,-73.95523071289062,40.76892852783203,300,30
711,2015-01-01 15:26:58,2.9,-74.010009765625,40.72058868408203,-73.9880599975586,40.7498435974121,300,30
712,2015-01-01 15:27:39,0.8,-73.9796371459961,40.76239013671875,-73.9822006225586,40.77061462402344,300,30
713,2015-01-01 15:27:52,2.15,-73.98098754882812,40.77448272705078,-74.00056457519531,40.7476043701172,300,30
714,2015-01-01 15:28:05,0.59,-73.95433044433594,40.78139114379882,-73.95098114013672,40.77571868896485,300,30
715,2015-01-01 15:28:13,1.7,-73.9898910522461,40.76236343383789,-73.99737548828125,40.74177169799805,300,30
716,2015-01-01 15:30:44,3.58,-73.99614715576173,40.743629455566406,-73.96949768066406,40.785511016845696,300,30
717,2015-01-01 15:32:50,1.79,-73.95157623291014,40.76980209350586,-73.95468139648438,40.78662109375,300,30
718,2015-01-01 15:33:20,0.9,-73.9866943359375,40.757148742675774,-73.99529266357422,40.75354766845703,300,30
719,2015-01-01 15:33:22,1.2,-73.98113250732422,40.74451446533203,-73.99777221679686,40.74114990234375,300,30
720,2015-01-01 15:33:46,0.7,-73.97797393798828,40.78638458251953,-73.97636413574217,40.79421615600586,300,30
721,2015-01-01 15:34:16,5.7,-73.97960662841797,40.76137924194336,-74.00585174560547,40.70589447021485,300,30
722,2015-01-01 15:35:17,2.13,-73.99002075195312,40.74140548706056,-73.96481323242188,40.75328826904297,300,30
723,2015-01-01 15:35:41,0.94,-73.97398376464845,40.764209747314446,-73.98252868652342,40.76829147338867,300,30
724,2015-01-01 15:36:09,1.0,-73.97897338867188,40.753509521484375,-73.98118591308595,40.763431549072266,300,30
725,2015-01-01 15:37:03,1.4,-73.96601104736328,40.76298522949219,-73.95679473876953,40.78073501586913,300,30
726,2015-01-01 15:37:24,2.1,-73.97772216796875,40.76357650756836,-73.97654724121092,40.78919219970703,300,30
727,2015-01-01 15:37:32,1.31,-73.97185516357422,40.750293731689446,-73.98696899414062,40.74239730834961,300,30
728,2015-01-01 15:37:37,1.25,-73.9871368408203,40.74177169799805,-73.97592163085938,40.75733184814453,300,30
729,2015-01-01 15:37:46,1.0,-73.98992919921875,40.75239181518555,-73.97610473632812,40.75150680541992,300,30
730,2015-01-01 15:38:10,1.6,-73.97045135498048,40.78881072998047,-73.95011901855469,40.77714157104492,300,30
731,2015-01-01 15:38:33,0.96,-73.98171997070312,40.76612091064453,-73.96754455566406,40.76435089111328,300,30
732,2015-01-01 15:38:55,2.5,-74.0052032470703,40.741241455078125,-73.98565673828125,40.772998809814446,300,30
733,2015-01-01 15:39:21,4.05,-73.96800231933594,40.75450134277344,-73.93543243408203,40.79772567749024,300,30
734,2015-01-01 15:39:59,4.6,-73.95802307128906,40.77618789672852,-73.99154663085938,40.73868179321289,300,30
735,2015-01-01 15:40:56,2.4,-73.97441101074217,40.75062561035156,-73.95301055908203,40.780139923095696,300,30
736,2015-01-01 15:42:05,2.15,-73.97088623046875,40.764175415039055,-73.98107147216798,40.78688049316406,300,30
737,2015-01-01 15:42:37,1.19,-73.99105834960938,40.74527359008789,-73.98095703125,40.76003646850586,300,30
738,2015-01-01 15:42:46,1.93,-73.98988342285155,40.75214385986328,-73.97122955322266,40.76322555541992,300,30
739,2015-01-01 15:44:03,1.35,-74.0012969970703,40.731082916259766,-73.99232482910156,40.74765396118164,300,30
740,2015-01-01 15:44:16,1.2,-73.98627471923827,40.74034118652344,-73.989013671875,40.726016998291016,300,30
741,2015-01-01 15:44:22,1.0,-73.98836517333984,40.74995040893555,-73.9957275390625,40.75929641723633,300,30
742,2015-01-01 15:44:22,0.93,-73.99484252929686,40.74006271362305,-73.98743438720702,40.733158111572266,300,30
743,2015-01-01 15:45:13,1.47,-73.9617691040039,40.77706909179688,-73.97522735595702,40.79040145874024,300,30
744,2015-01-01 15:45:30,1.6,-73.99372863769531,40.741817474365234,-73.97325134277344,40.74794769287109,300,30
745,2015-01-01 15:45:38,1.2,-73.97413635253906,40.76150131225586,-73.97316741943358,40.75051498413086,300,30
746,2015-01-01 15:46:45,2.03,-73.96820068359375,40.75531005859375,-73.9881820678711,40.73212814331056,300,30
747,2015-01-01 15:47:09,6.58,-73.98195648193358,40.76872634887695,-73.93968963623048,40.848751068115234,300,30
748,2015-01-01 15:47:41,1.81,-73.9622573852539,40.768009185791016,-73.98245239257811,40.75824737548828,300,30
749,2015-01-01 15:48:36,2.02,-73.95819854736328,40.77312850952149,-73.9832992553711,40.77938079833984,300,30
750,2015-01-01 15:48:57,1.46,-73.95307922363281,40.7859001159668,-73.96034240722656,40.76995086669922,300,30
751,2015-01-01 15:49:27,2.8,-73.9767074584961,40.77532958984375,-73.965087890625,40.806583404541016,300,30
752,2015-01-01 15:49:43,0.6,-74.00453186035155,40.75210571289063,-73.9949951171875,40.74998474121094,300,30
753,2015-01-01 15:50:01,4.2,-73.99473571777342,40.75030517578125,-74.0140609741211,40.70915985107422,300,30
754,2015-01-01 15:50:57,2.33,-73.9520492553711,40.76917266845703,-73.97901916503906,40.75634765625,300,30
755,2015-01-01 15:51:04,1.52,-73.99810028076173,40.745059967041016,-73.97820281982422,40.74897003173828,300,30
756,2015-01-01 15:52:14,2.31,-73.99803161621094,40.72433090209961,-74.00237274169923,40.70743942260742,300,30
757,2015-01-01 15:52:41,3.22,-73.96351623535155,40.79842376708984,-73.9784927368164,40.76265335083008,300,30
758,2015-01-01 15:53:19,1.4,-73.99943542480467,40.739070892333984,-73.99002075195312,40.72555541992188,300,30
759,2015-01-01 15:53:38,1.11,-73.99198150634764,40.749961853027344,-73.98566436767578,40.75904846191406,300,30
760,2015-01-01 15:53:48,0.86,-73.97471618652342,40.77799987792969,-73.97696685791014,40.78493881225586,300,30
761,2015-01-01 15:54:11,0.5,-73.95538330078125,40.7793426513672,-73.94710540771484,40.780086517333984,300,30
762,2015-01-01 15:54:39,0.8,-73.98606109619139,40.75896835327149,-73.99456024169923,40.7500457763672,300,30
763,2015-01-01 15:54:46,1.4,-73.98194885253906,40.769142150878906,-73.97935485839844,40.7534637451172,300,30
764,2015-01-01 15:54:59,1.4,-73.992919921875,40.75521087646485,-73.98780059814453,40.74111557006836,300,30
765,2015-01-01 15:55:03,3.4,-73.98316955566406,40.74790954589844,-73.97225189208984,40.78662109375,300,30
766,2015-01-01 15:55:22,1.8,-73.98240661621094,40.775272369384766,-73.96125030517578,40.77676010131836,300,30
767,2015-01-01 15:55:34,0.8,-73.98259735107422,40.762454986572266,-73.9779281616211,40.75410079956056,300,30
768,2015-01-01 15:55:39,1.85,-74.00503540039062,40.72288131713867,-73.99485778808595,40.74551010131836,300,30
769,2015-01-01 15:56:50,2.26,-74.00631713867188,40.73313903808594,-73.98475646972656,40.75846099853516,300,30
770,2015-01-01 15:57:16,1.1,-74.00222778320312,40.755672454833984,-74.00419616699219,40.74214553833008,300,30
771,2015-01-01 15:57:40,1.24,-73.97453308105469,40.75807571411133,-73.9911117553711,40.75529861450195,300,30
772,2015-01-01 15:57:54,0.87,-73.96804809570312,40.76828384399414,-73.95940399169923,40.777462005615234,300,30
773,2015-01-01 15:57:54,1.4,-73.97916412353516,40.78206634521485,-73.96536254882812,40.79532623291016,300,30
774,2015-01-01 15:58:23,0.66,-73.99269866943358,40.74267959594727,-73.9916000366211,40.73532104492188,300,30
775,2015-01-01 15:58:33,0.6,-73.96863555908203,40.761497497558594,-73.97602844238281,40.76540756225586,300,30
776,2015-01-01 15:58:50,1.68,-73.99761199951173,40.75643539428711,-73.9783706665039,40.76401519775391,300,30
777,2015-01-01 15:59:49,5.2,-74.00170135498048,40.73565673828125,-73.95722961425781,40.771648406982415,300,30
778,2015-01-01 16:00:45,2.6,-73.96519470214845,40.75945663452149,-73.97161102294923,40.78369522094727,300,30
779,2015-01-01 16:00:58,2.9,-73.98460388183594,40.72962951660156,-74.01646423339844,40.71681594848633,300,30
780,2015-01-01 16:01:59,1.9,-73.96227264404298,40.77337646484375,-73.95455932617188,40.779251098632805,300,30
781,2015-01-01 16:02:39,1.6,-73.96971130371094,40.79477691650391,-73.95250701904298,40.78961563110352,300,30
782,2015-01-01 16:03:05,1.6,-73.96492767333984,40.75567626953125,-73.981689453125,40.737171173095696,300,30
783,2015-01-01 16:03:47,2.38,-73.98113250732422,40.779632568359375,-73.94685363769531,40.772075653076165,300,30
784,2015-01-01 16:04:29,1.0,-73.99050903320312,40.75135040283203,-73.99319458007811,40.73915481567384,300,30
785,2015-01-01 16:05:43,2.05,-73.96304321289062,40.7666473388672,-73.98442840576173,40.74763488769531,300,30
786,2015-01-01 16:06:03,1.2,-73.98189544677734,40.7784538269043,-73.97442626953125,40.763633728027344,300,30
787,2015-01-01 16:06:26,2.4,-73.95221710205078,40.78467178344727,-73.96483612060547,40.8067512512207,300,30
788,2015-01-01 16:06:26,4.71,-73.9681167602539,40.76240921020508,-73.99697875976561,40.71797943115234,300,30
789,2015-01-01 16:07:12,1.69,-73.993896484375,40.761566162109375,-73.97157287597656,40.76308441162109,300,30
790,2015-01-01 16:07:18,1.37,-73.99288177490233,40.75539016723633,-73.99574279785155,40.767799377441406,300,30
791,2015-01-01 16:09:30,1.79,-73.98882293701173,40.76377868652344,-74.00448608398438,40.74208068847656,300,30
792,2015-01-01 16:09:58,1.58,-73.96152496337889,40.76487350463867,-73.97948455810547,40.757148742675774,300,30
793,2015-01-01 16:10:12,1.0,-73.99015045166014,40.74959182739258,-73.98755645751953,40.76110458374024,300,30
794,2015-01-01 16:10:25,0.82,-73.99016571044923,40.741035461425774,-73.98318481445312,40.73458480834961,300,30
795,2015-01-01 16:10:28,4.3,-73.98511505126953,40.7349090576172,-73.95291137695312,40.78936767578125,300,30
796,2015-01-01 16:11:26,1.9,-73.99063110351561,40.750843048095696,-73.97122192382812,40.76161956787109,300,30
797,2015-01-01 16:13:18,1.13,-73.98124694824217,40.75917816162109,-73.96851348876953,40.76807022094727,300,30
798,2015-01-01 16:14:20,0.9,-73.99675750732422,40.72968673706056,-73.99439239501953,40.71965026855469,300,30
799,2015-01-01 16:14:46,1.11,-73.95140075683594,40.782108306884766,-73.95081329345702,40.79425048828125,300,30
800,2015-01-01 16:14:47,4.5,-73.95458984375,40.784038543701165,-74.00402069091797,40.74773025512695,300,30
801,2015-01-01 16:15:54,0.7,-73.95427703857422,40.77458190917969,-73.96385192871092,40.77392959594727,300,30
802,2015-01-01 16:17:17,1.01,-73.95908355712889,40.77191162109375,-73.95713806152342,40.78294372558594,300,30
803,2015-01-01 16:17:23,1.2,-73.98138427734375,40.74421691894531,-73.99279022216798,40.73160171508789,300,30
804,2015-01-01 16:18:50,1.9,-73.9623031616211,40.779144287109375,-73.97444915771484,40.7576560974121,300,30
805,2015-01-01 16:19:16,2.2,-73.95914459228516,40.773475646972656,-73.96935272216798,40.79546356201172,300,30
806,2015-01-01 16:19:42,2.51,-73.98228454589844,40.768264770507805,-73.95655059814453,40.78390121459961,300,30
807,2015-01-01 16:19:53,2.82,-73.97491455078125,40.75310134887695,-74.00537872314453,40.72859191894531,300,30
808,2015-01-01 16:20:33,2.22,-73.9821014404297,40.77391052246094,-73.96932983398438,40.80063247680664,300,30
809,2015-01-01 16:20:40,1.93,-73.98954010009764,40.7360725402832,-73.96900177001953,40.751026153564446,300,30
810,2015-01-01 16:21:23,0.67,-73.95722198486328,40.78310012817384,-73.95304870605469,40.79115676879882,300,30
811,2015-01-01 16:21:58,0.75,-74.00267028808594,40.73941802978516,-73.99074554443358,40.73484802246094,300,30
812,2015-01-01 16:22:07,2.5,-73.98867797851561,40.7441291809082,-74.007568359375,40.712493896484375,300,30
813,2015-01-01 16:22:11,1.03,-74.00736999511719,40.72743225097656,-74.00038146972656,40.73882293701172,300,30
814,2015-01-01 16:22:53,2.21,-73.98479461669923,40.77901840209961,-73.97312927246092,40.75782012939453,300,30
815,2015-01-01 16:23:03,8.6,-73.97810363769531,40.745880126953125,-73.93752288818358,40.8351936340332,300,30
816,2015-01-01 16:25:09,0.8,-73.99298095703125,40.73705291748047,-73.9937744140625,40.72797775268555,300,30
817,2015-01-01 16:25:12,1.8,-74.01396942138672,40.71377944946289,-73.99705505371094,40.7254295349121,300,30
818,2015-01-01 16:25:12,6.02,-73.9503402709961,40.78393173217773,-73.94342041015625,40.84033203125,300,30
819,2015-01-01 16:25:28,0.67,-73.97710418701173,40.77975845336913,-73.98450469970702,40.774993896484375,300,30
820,2015-01-01 16:25:32,1.6,-73.95970153808595,40.76684188842773,-73.9817657470703,40.768997192382805,300,30
821,2015-01-01 16:25:35,1.9,-73.98606109619139,40.759090423583984,-73.98881530761719,40.743606567382805,300,30
822,2015-01-01 16:26:47,1.0,-73.96900939941406,40.7855224609375,-73.95590209960938,40.77888107299805,300,30
823,2015-01-01 16:27:38,2.86,-74.00665283203125,40.73122024536133,-73.97915649414062,40.7579460144043,300,30
824,2015-01-01 16:27:46,1.91,-73.96649932861328,40.76163101196289,-73.95397186279298,40.784534454345696,300,30
825,2015-01-01 16:28:41,1.45,-73.99178314208984,40.74991989135742,-73.9792709350586,40.755741119384766,300,30
826,2015-01-01 16:28:45,2.84,-73.96997833251953,40.76280975341797,-73.97037506103516,40.79391098022461,300,30
827,2015-01-01 16:29:00,3.5,-73.96319580078125,40.77517318725586,-73.99457550048828,40.73183441162109,300,30
828,2015-01-01 16:29:45,3.5,-74.00884246826173,40.70431518554688,-73.98947143554686,40.74771118164063,300,30
829,2015-01-01 16:29:50,0.73,-73.98428344726561,40.74631881713867,-73.98564147949219,40.738330841064446,300,30
830,2015-01-01 16:30:48,0.75,-73.95978546142578,40.7769012451172,-73.96661376953125,40.76748275756836,300,30
831,2015-01-01 16:31:17,3.6,-73.95855712890625,40.76457214355469,-73.96495819091797,40.80159378051758,300,30
832,2015-01-01 16:31:35,2.4,-73.95285034179686,40.78303527832031,-73.98001098632812,40.77098846435546,300,30
833,2015-01-01 16:31:43,0.71,-73.93701934814453,40.82083511352539,-73.93568420410156,40.82852935791016,300,30
834,2015-01-01 16:31:43,1.66,-73.99076843261719,40.734806060791016,-74.0047607421875,40.74550628662109,300,30
835,2015-01-01 16:32:20,1.37,-73.98908233642578,40.753173828125,-73.97489929199217,40.76248550415039,300,30
836,2015-01-01 16:32:32,3.58,-74.00566101074217,40.72550964355469,-74.01412963867188,40.70930862426758,300,30
837,2015-01-01 16:33:09,2.84,-73.97438049316406,40.79109573364258,-73.96851348876953,40.76185989379882,300,30
838,2015-01-01 16:34:25,0.9,-73.98543548583984,40.7386589050293,-73.97852325439453,40.7447395324707,300,30
839,2015-01-01 16:35:51,2.12,-73.98868560791014,40.74534606933594,-73.97830963134764,40.76655960083008,300,30
840,2015-01-01 16:36:09,1.42,-73.98072814941406,40.775760650634766,-73.975341796875,40.79229736328125,300,30
841,2015-01-01 16:37:46,1.43,-73.9958724975586,40.73956298828125,-73.99109649658203,40.755496978759766,300,30
842,2015-01-01 16:39:04,2.2,-73.984375,40.74299240112305,-73.9802474975586,40.76763916015625,300,30
843,2015-01-01 16:39:41,0.78,-73.9801025390625,40.75475311279297,-73.989990234375,40.7515983581543,300,30
844,2015-01-01 16:40:03,1.1,-73.98215484619139,40.747756958007805,-73.9730224609375,40.75536346435546,300,30
845,2015-01-01 16:40:07,0.6,-73.966064453125,40.7542724609375,-73.97234344482422,40.748889923095696,300,30
846,2015-01-01 16:40:48,1.61,-73.98612976074217,40.74062347412109,-74.0009765625,40.720516204833984,300,30
847,2015-01-01 16:40:51,1.97,-73.96142578125,40.7742576599121,-73.94254302978516,40.795703887939446,300,30
848,2015-01-01 16:42:13,2.4,-73.997314453125,40.73675155639648,-73.97863006591797,40.7667121887207,300,30
849,2015-01-01 16:43:39,1.76,-73.95565795898438,40.764198303222656,-73.97653198242188,40.75225067138672,300,30
850,2015-01-01 16:43:44,1.02,-73.96687316894531,40.772998809814446,-73.97557830810547,40.75947952270508,300,30
851,2015-01-01 16:44:02,0.94,-73.99359130859375,40.73306655883789,-73.99826049804686,40.742034912109375,300,30
852,2015-01-01 16:44:07,2.8,-73.96057891845702,40.779949188232415,-73.98329162597656,40.7446174621582,300,30
853,2015-01-01 16:44:17,1.3,-73.98297882080078,40.72673416137695,-73.98963165283203,40.73981475830078,300,30
854,2015-01-01 16:44:29,1.75,-74.00194549560547,40.74055099487305,-73.99781036376953,40.724212646484375,300,30
855,2015-01-01 16:44:47,0.9,-73.96134948730467,40.765872955322266,-73.96601867675781,40.77382659912109,300,30
856,2015-01-01 16:45:29,0.97,-73.9576416015625,40.76559066772461,-73.96971893310547,40.763431549072266,300,30
857,2015-01-01 16:47:03,2.8,-74.00755310058594,40.72591400146485,-73.992431640625,40.74867248535156,300,30
858,2015-01-01 16:47:10,2.47,-73.99192810058595,40.75495910644531,-73.99531555175781,40.727397918701165,300,30
859,2015-01-01 16:47:23,1.0,-73.99911499023438,40.73926544189453,-74.0057144165039,40.72580337524414,300,30
860,2015-01-01 16:47:47,0.7,-73.96804809570312,40.75111389160156,-73.9611587524414,40.760772705078125,300,30
861,2015-01-01 16:50:39,2.1,-73.97818756103516,40.75284957885742,-73.98403930664062,40.729270935058594,300,30
862,2015-01-01 16:50:42,1.4,-73.96961212158203,40.757183074951165,-73.98249053955078,40.77118682861328,300,30
863,2015-01-01 16:51:09,6.6,-73.94031524658203,40.79366683959961,-73.98766326904298,40.72270965576172,300,30
864,2015-01-01 16:51:14,3.0,-73.98298645019531,40.76136779785156,-73.95023345947266,40.78011322021485,300,30
865,2015-01-01 16:52:34,2.8,-73.96997833251953,40.767181396484375,-73.99678039550781,40.744644165039055,300,30
866,2015-01-01 16:53:44,0.8,-73.98682403564453,40.76082611083984,-73.98661041259764,40.75244140625,300,30
867,2015-01-01 16:54:00,1.04,-73.98748779296875,40.7386589050293,-73.9913558959961,40.74903106689453,300,30
868,2015-01-01 16:54:59,0.71,-73.96485137939453,40.75997161865234,-73.97704315185547,40.76416015625,300,30
869,2015-01-01 16:55:34,0.93,-73.98505401611328,40.75749588012695,-73.97239685058595,40.757373809814446,300,30
870,2015-01-01 16:55:41,1.5,-73.97210693359375,40.76548004150391,-73.9559555053711,40.76961135864258,300,30
871,2015-01-01 16:55:44,0.76,-73.95391845703125,40.77075958251953,-73.96275329589844,40.766578674316406,300,30
872,2015-01-01 16:56:35,2.6,-73.99211120605469,40.738147735595696,-74.01403045654298,40.7176628112793,300,30
873,2015-01-01 16:57:01,1.66,-73.97035217285155,40.764698028564446,-73.95453643798828,40.78345489501953,300,30
874,2015-01-01 16:57:21,1.26,-73.97666168212889,40.75191879272461,-73.99289703369139,40.75749969482422,300,30
875,2015-01-01 16:57:52,1.48,-73.96150207519531,40.7688102722168,-73.94486236572266,40.77922058105469,300,30
876,2015-01-01 16:58:33,0.8,-74.00456237792967,40.7520866394043,-74.00333404541014,40.74355316162109,300,30
877,2015-01-01 16:59:30,0.9,-73.96664428710938,40.77324676513672,-73.97530364990233,40.761192321777344,300,30
878,2015-01-01 17:00:06,1.03,-73.98925018310547,40.76940155029297,-73.99491882324217,40.76018905639648,300,30
879,2015-01-01 17:00:09,1.9,-73.97721099853516,40.77684783935546,-73.95436096191406,40.76414489746094,300,30
880,2015-01-01 17:00:30,3.0,-74.00833892822266,40.71455764770508,-73.97950744628906,40.74374008178711,300,30
881,2015-01-01 17:00:38,1.05,-74.00171661376953,40.75577926635742,-73.9927978515625,40.748809814453125,300,30
882,2015-01-01 17:01:30,1.1,-73.955078125,40.783329010009766,-73.95353698730467,40.77178955078125,300,30
883,2015-01-01 17:01:58,4.05,-73.9770278930664,40.764495849609375,-73.9451446533203,40.80807113647461,300,30
884,2015-01-01 17:03:33,0.7,-73.98117065429686,40.76012802124024,-73.96837615966798,40.7548713684082,300,30
885,2015-01-01 17:03:35,1.8,-73.9682388305664,40.76505661010742,-73.95423126220702,40.78678131103516,300,30
886,2015-01-01 17:03:39,0.9,-73.98334503173827,40.762794494628906,-73.97756195068358,40.753730773925774,300,30
887,2015-01-01 17:04:26,1.19,-73.9974136352539,40.721145629882805,-73.98912811279298,40.736675262451165,300,30
888,2015-01-01 17:06:08,2.0,-73.99928283691406,40.73429107666016,-73.97834014892578,40.75376892089844,300,30
889,2015-01-01 17:06:36,5.89,-74.00382995605469,40.70760345458984,-73.97884368896483,40.762542724609375,300,30
890,2015-01-01 17:07:00,0.91,-73.98046875,40.74850845336913,-73.98162841796875,40.73932647705078,300,30
891,2015-01-01 17:07:05,2.0,-73.96563720703125,40.75786972045898,-73.99137115478516,40.75086975097656,300,30
892,2015-01-01 17:07:32,2.38,-74.00148773193358,40.71600341796875,-73.98831176757811,40.74427032470703,300,30
893,2015-01-01 17:07:54,1.9,-73.96707153320312,40.76651382446289,-73.94408416748048,40.775875091552734,300,30
894,2015-01-01 17:08:20,1.14,-73.97110748291014,40.75180816650391,-73.98916625976561,40.75698852539063,300,30
895,2015-01-01 17:09:33,1.23,-73.95799255371094,40.7793083190918,-73.95358276367188,40.76734924316406,300,30
896,2015-01-01 17:10:12,1.7,-73.98922729492188,40.73003768920898,-73.9755859375,40.74998092651367,300,30
897,2015-01-01 17:11:33,2.1,-73.96221923828125,40.7793197631836,-73.98146820068358,40.75315856933594,300,30
898,2015-01-01 17:14:03,2.81,-74.0138931274414,40.702369689941406,-74.004150390625,40.73820114135742,300,30
899,2015-01-01 17:14:05,1.3,-73.9605941772461,40.764514923095696,-73.98236846923827,40.77330017089844,300,30
900,2015-01-01 17:14:18,1.1,-73.971923828125,40.792293548583984,-73.96039581298828,40.80565643310546,300,30
901,2015-01-01 17:14:35,1.68,-73.96736145019531,40.769168853759766,-73.9752426147461,40.752891540527344,300,30
902,2015-01-01 17:15:07,0.69,-73.9757080078125,40.78805923461913,-73.97952270507811,40.78166961669922,300,30
903,2015-01-01 17:15:40,5.8,-74.01148986816406,40.71364974975586,-73.97322082519531,40.744304656982415,300,30
904,2015-01-01 17:15:52,2.5,-73.97970581054686,40.75627517700195,-73.96267700195312,40.778423309326165,300,30
905,2015-01-01 17:16:02,1.66,-73.97903442382812,40.73723602294922,-73.99744415283203,40.72995376586913,300,30
906,2015-01-01 17:16:12,3.6,-73.9964828491211,40.753509521484375,-74.01521301269531,40.709922790527344,300,30
907,2015-01-01 17:16:28,0.74,-73.97808074951173,40.741748809814446,-73.98689270019531,40.73670959472656,300,30
908,2015-01-01 17:17:44,5.72,-73.96102905273438,40.80198669433594,-73.9730453491211,40.74449920654297,300,30
909,2015-01-01 17:17:52,1.5,-73.9720230102539,40.75420379638672,-73.96321868896483,40.77215194702149,300,30
910,2015-01-01 17:18:44,0.6,-73.96943664550781,40.76153945922852,-73.97505950927734,40.75335693359375,300,30
911,2015-01-01 17:19:07,0.92,-73.98255920410156,40.77732849121094,-73.97319793701173,40.78729248046875,300,30
912,2015-01-01 17:20:23,1.65,-74.00449371337889,40.74210739135742,-73.99198913574217,40.72626495361328,300,30
913,2015-01-01 17:21:14,3.4,-73.95267486572266,40.76665496826172,-73.98429107666014,40.73308181762695,300,30
914,2015-01-01 17:21:22,0.78,-73.98512268066406,40.74022674560546,-73.99148559570312,40.74927520751953,300,30
915,2015-01-01 17:21:45,1.4,-73.9697265625,40.75334167480469,-73.968994140625,40.768379211425774,300,30
916,2015-01-01 17:21:45,1.5,-73.99232482910156,40.74918365478516,-74.00492095947266,40.72966384887695,300,30
917,2015-01-01 17:21:51,1.45,-73.99403381347656,40.7564582824707,-74.00775909423827,40.74589538574219,300,30
918,2015-01-01 17:21:54,1.48,-73.98287200927734,40.76116943359375,-73.97100830078125,40.74811172485352,300,30
919,2015-01-01 17:22:01,4.33,-73.97518920898438,40.755718231201165,-73.9656982421875,40.80559158325195,300,30
920,2015-01-01 17:23:06,1.96,-73.96504211425781,40.75951385498047,-73.978515625,40.777297973632805,300,30
921,2015-01-01 17:24:04,1.2,-73.9676284790039,40.76593017578125,-73.97861480712889,40.77758407592773,300,30
922,2015-01-01 17:24:58,1.17,-73.96476745605469,40.76678085327149,-73.98226165771484,40.77119827270508,300,30
923,2015-01-01 17:26:04,2.0,-73.94971466064453,40.7722282409668,-73.97891235351561,40.77729415893555,300,30
924,2015-01-01 17:26:08,2.0,-73.99025726318358,40.73712158203125,-74.00930786132812,40.72063446044922,300,30
925,2015-01-01 17:27:04,1.5,-73.95567321777344,40.78189468383789,-73.95455932617188,40.76742935180664,300,30
926,2015-01-01 17:27:36,0.94,-73.98873138427734,40.76382827758789,-73.98937225341797,40.75321578979492,300,30
927,2015-01-01 17:28:10,0.79,-73.97438049316406,40.76590347290039,-73.96298217773438,40.759307861328125,300,30
928,2015-01-01 17:29:12,1.91,-73.98133850097656,40.767192840576165,-73.9728012084961,40.78759002685546,300,30
929,2015-01-01 17:30:32,1.03,-73.9725570678711,40.76009368896485,-73.97511291503906,40.74795913696289,300,30
930,2015-01-01 17:31:08,0.9,-73.96019744873048,40.77384567260742,-73.9533920288086,40.78511428833008,300,30
931,2015-01-01 17:31:19,1.0,-73.98209381103516,40.74577331542969,-73.97107696533203,40.75038146972656,300,30
932,2015-01-01 17:32:00,2.54,-73.9617691040039,40.75771331787109,-73.99302673339844,40.75000381469727,300,30
933,2015-01-01 17:32:14,3.5,-73.98527526855469,40.76311111450195,-74.00926208496092,40.72002410888672,300,30
934,2015-01-01 17:32:19,1.07,-73.99536895751953,40.72734069824219,-74.00582885742188,40.71516036987305,300,30
935,2015-01-01 17:32:54,1.2,-73.97388458251953,40.747383117675774,-73.99074554443358,40.74860000610352,300,30
936,2015-01-01 17:32:59,1.2,-73.95779418945312,40.77971267700195,-73.9654769897461,40.76527404785156,300,30
937,2015-01-01 17:33:16,1.11,-73.98448181152342,40.7620506286621,-73.9822006225586,40.7740592956543,300,30
938,2015-01-01 17:33:17,1.07,-73.98161315917967,40.77411651611328,-73.9734115600586,40.762962341308594,300,30
939,2015-01-01 17:33:57,2.5,-73.99974822998048,40.73322677612305,-73.97300720214845,40.752925872802734,300,30
940,2015-01-01 17:34:21,1.13,-73.99105072021484,40.75443649291992,-73.97742462158203,40.76164627075195,300,30
941,2015-01-01 17:34:34,0.7,-73.98257446289062,40.77731323242188,-73.98050689697266,40.785789489746094,300,30
942,2015-01-01 17:34:49,2.08,-73.98348236083984,40.74391174316406,-73.96269226074217,40.7646484375,300,30
943,2015-01-01 17:35:01,1.4,-73.96589660644531,40.77120971679688,-73.98229217529298,40.76858901977539,300,30
944,2015-01-01 17:35:26,1.27,-73.9842300415039,40.77037811279297,-73.9679946899414,40.76465606689453,300,30
945,2015-01-01 17:36:41,1.41,-73.96150207519531,40.81169891357422,-73.97555541992188,40.79197692871094,300,30
946,2015-01-01 17:36:43,0.8,-73.98045349121092,40.74245834350586,-73.97978973388672,40.75197219848633,300,30
947,2015-01-01 17:37:21,4.1,-73.98240661621094,40.77244567871094,-73.98796844482422,40.728042602539055,300,30
948,2015-01-01 17:37:28,2.34,-73.93876647949217,40.79145050048828,-73.95451354980467,40.76588439941406,300,30
949,2015-01-01 17:38:13,1.22,-73.96772003173827,40.76580810546875,-73.95826721191406,40.778751373291016,300,30
950,2015-01-01 17:38:25,0.73,-73.9625701904297,40.775535583496094,-73.96170043945312,40.76850509643555,300,30
951,2015-01-01 17:38:38,1.03,-73.9905776977539,40.756134033203125,-73.97423553466798,40.7505111694336,300,30
952,2015-01-01 17:39:06,5.0,-74.01612091064453,40.715274810791016,-73.98316192626953,40.76810836791992,300,30
953,2015-01-01 17:39:17,1.5,-74.00218200683594,40.7398796081543,-73.97956848144531,40.73323059082031,300,30
954,2015-01-01 17:39:37,1.6,-73.97803497314453,40.75779724121094,-74.00275421142578,40.76069259643555,300,30
955,2015-01-01 17:39:39,1.7,-73.98155975341797,40.732398986816406,-73.98877716064453,40.74833297729492,300,30
956,2015-01-01 17:40:09,1.97,-73.96761322021484,40.78809356689453,-73.98468017578125,40.76677322387695,300,30
957,2015-01-01 17:40:39,1.16,-73.9784164428711,40.74523162841797,-73.98200988769531,40.75568771362305,300,30
958,2015-01-01 17:41:29,1.79,-73.98915100097656,40.757080078125,-74.00482940673827,40.741947174072266,300,30
959,2015-01-01 17:41:36,1.1,-73.97359466552734,40.78922271728516,-73.9618911743164,40.798709869384766,300,30
960,2015-01-01 17:41:40,0.86,-74.01470947265625,40.71077728271485,-74.00707244873048,40.716304779052734,300,30
961,2015-01-01 17:41:56,2.7,-73.98172760009764,40.74643707275391,-74.00525665283203,40.71548080444336,300,30
962,2015-01-01 17:42:01,1.05,-73.98057556152342,40.78258514404297,-73.97048950195312,40.78872680664063,300,30
963,2015-01-01 17:42:13,1.5,-73.98602294921875,40.74714279174805,-73.99367523193358,40.758827209472656,300,30
964,2015-01-01 17:42:29,0.6,-73.98048400878906,40.75117111206056,-73.99064636230467,40.75094985961913,300,30
965,2015-01-01 17:42:33,1.3,-73.97071838378906,40.75579452514648,-73.95792388916014,40.77369689941406,300,30
966,2015-01-01 17:43:53,2.4,-73.9819107055664,40.778125762939446,-73.94861602783203,40.77483367919922,300,30
967,2015-01-01 17:44:15,1.28,-73.9719467163086,40.76482009887695,-73.95706176757811,40.76334381103516,300,30
968,2015-01-01 17:44:56,2.3,-73.98126983642578,40.76293563842773,-73.989013671875,40.73846435546875,300,30
969,2015-01-01 17:45:05,1.28,-73.99103546142578,40.74551773071289,-73.97967529296875,40.76123046875,300,30
970,2015-01-01 17:45:25,1.08,-74.01460266113281,40.71464157104492,-74.00775146484375,40.72589111328125,300,30
971,2015-01-01 17:46:27,0.5,-74.00988006591797,40.70372009277344,-74.01718139648438,40.70532989501953,300,30
972,2015-01-01 17:46:55,1.1,-73.96915435791014,40.76424789428711,-73.9586181640625,40.77573013305664,300,30
973,2015-01-01 17:47:28,3.14,-73.99053955078125,40.75569915771485,-73.99131774902342,40.72362518310546,300,30
974,2015-01-01 17:47:37,0.83,-73.98680114746092,40.73894882202149,-73.97823333740233,40.74567031860352,300,30
975,2015-01-01 17:49:13,0.63,-74.00210571289062,40.7493553161621,-73.99420928955078,40.75116729736328,300,30
976,2015-01-01 17:49:17,2.19,-73.98186492919923,40.765907287597656,-74.0003433227539,40.73769378662109,300,30
977,2015-01-01 17:49:38,3.55,-73.95322418212889,40.76766586303711,-73.99562835693358,40.74918365478516,300,30
978,2015-01-01 17:49:48,1.98,-73.96945953369139,40.785320281982415,-73.9661865234375,40.765449523925774,300,30
979,2015-01-01 17:49:55,0.84,-73.99215698242188,40.73825073242188,-73.99781036376953,40.730255126953125,300,30
980,2015-01-01 17:49:57,1.72,-73.9763946533203,40.775665283203125,-73.99447631835938,40.76028823852539,300,30
981,2015-01-01 17:50:12,2.5,-74.01524353027342,40.7095832824707,-73.99199676513672,40.72652053833008,300,30
982,2015-01-01 17:51:43,0.99,-73.96439361572266,40.76082611083984,-73.97468566894531,40.75216293334961,300,30
983,2015-01-01 17:51:50,1.67,-74.00479125976561,40.707332611083984,-73.99644470214845,40.72544097900391,300,30
984,2015-01-01 17:52:19,0.61,-73.95467376708984,40.79922866821289,-73.96685028076173,40.80093002319336,300,30
985,2015-01-01 17:53:07,1.14,-73.97724914550781,40.758670806884766,-73.98152923583984,40.74552917480469,300,30
986,2015-01-01 17:54:15,1.5,-73.95854949951173,40.78414916992188,-73.97944641113281,40.78196334838867,300,30
987,2015-01-01 17:54:55,5.0,-73.94064331054686,40.793132781982415,-73.9911117553711,40.739166259765625,300,30
988,2015-01-01 17:55:04,0.65,-73.99748992919923,40.73667144775391,-74.00002288818358,40.7432746887207,300,30
989,2015-01-01 17:55:26,2.3,-73.98046875,40.73052978515625,-73.97212219238281,40.7568588256836,300,30
990,2015-01-01 17:55:41,2.5,-73.97306060791014,40.764190673828125,-74.00499725341797,40.75175094604492,300,30
991,2015-01-01 17:56:01,2.9,-73.97229766845702,40.79143905639648,-73.95013427734375,40.82711410522461,300,30
992,2015-01-01 17:56:35,0.98,-73.98269653320312,40.767253875732415,-73.98191833496092,40.77961730957031,300,30
993,2015-01-01 17:56:35,1.3,-73.98511505126953,40.74521255493164,-73.9830551147461,40.73161315917969,300,30
994,2015-01-01 17:56:37,0.98,-74.00243377685547,40.73971939086913,-73.99129486083984,40.74501419067384,300,30
995,2015-01-01 17:56:46,1.03,-73.99761199951173,40.73609924316406,-73.98326110839844,40.734878540039055,300,30
996,2015-01-01 17:57:49,2.6,-73.9914779663086,40.74484252929688,-73.98393249511719,40.7739143371582,300,30
997,2015-01-01 17:57:53,1.78,-73.95867156982422,40.77851486206056,-73.97586059570312,40.76820373535156,300,30
998,2015-01-01 17:58:54,1.35,-74.0029296875,40.7447624206543,-74.004638671875,40.729774475097656,300,30
999,2015-01-01 17:59:11,5.3,-73.99819946289062,40.7236557006836,-73.98226165771484,40.77162170410156,300,30
1000,2015-01-01 17:59:42,0.82,-73.99107360839844,40.75088882446289,-73.9793701171875,40.74452209472656,300,30
